Country_Code,Year,Country_Name,FEC_Mtoe,FEC_FF55_Target_Mtoe,FEC_Impl_Gap_Mtoe,FEC_Impl_Gap_Pct,GHG_MtCO2eq,GHG_FF55_Target_Mt,GHG_Impl_Gap_Mt,GHG_Impl_Gap_Pct,RES_Share_Pct,RES_FF55_Target_Pct,RES_Impl_Gap_Pct,GDP_per_capita_PPP,Population,Composite_Gap_Score,Composite_Rank_Desc
AT,2005,Austria,26.29,21.6104,4.6796,17.8,96.4267,36.0799,60.3468,62.5831,24.353,57.0,-32.647,34787.5,8227829,-0.6688,16.0
AT,2006,Austria,26.37,21.6104,4.7596,18.0494,93.9886,36.0799,57.9087,61.6125,26.276,57.0,-30.724,37399.1,8268641,-0.5812,15.0
AT,2007,Austria,25.95,21.6104,4.3396,16.723,91.0048,36.0799,54.925,60.3539,28.144,57.0,-28.856,39195.2,8295487,-0.4314,13.0
AT,2008,Austria,25.98,21.6104,4.3696,16.8192,90.5976,36.0799,54.5177,60.1757,28.788,57.0,-28.212,41046.5,8321496,-0.4087,15.0
AT,2009,Austria,25.17,21.6104,3.5596,14.1423,82.997,36.0799,46.9171,56.5287,31.039,57.0,-25.961,40674.5,8343323,-0.1328,15.0
AT,2010,Austria,26.47,21.6104,4.8596,18.359,89.121,36.0799,53.0412,59.5159,31.205,57.0,-25.795,41751.8,8363404,-0.3663,15.0
AT,2011,Austria,25.62,21.6104,4.0096,15.6504,87.33,36.0799,51.2501,58.6856,31.552,57.0,-25.448,44187.8,8391643,-0.2336,16.0
AT,2012,Austria,25.69,21.6104,4.0796,15.8802,83.9774,36.0799,47.8976,57.0363,32.734,57.0,-24.266,46176.6,8429991,-0.1536,16.0
AT,2013,Austria,26.24,21.6104,4.6296,17.6434,84.4903,36.0799,48.4105,57.2971,32.665,57.0,-24.335,47534.2,8479823,-0.2248,19.0
AT,2014,Austria,25.18,21.6104,3.5696,14.1764,80.8206,36.0799,44.7408,55.3581,33.55,57.0,-23.45,48369.0,8507786,-0.0234,19.0
AT,2015,Austria,25.92,21.6104,4.3096,16.6266,82.2617,36.0799,46.1818,56.1401,33.497,57.0,-23.503,49638.4,8584926,-0.1295,18.0
AT,2016,Austria,26.59,21.6104,4.9796,18.7274,82.7008,36.0799,46.6209,56.373,33.37,57.0,-23.63,52379.0,8700471,-0.2146,20.0
AT,2017,Austria,26.94,21.6104,5.3296,19.7833,84.8577,36.0799,48.7778,57.4819,33.136,57.0,-23.864,53884.9,8772865,-0.2939,20.0
AT,2018,Austria,26.54,21.6104,4.9296,18.5743,81.7926,36.0799,45.7127,55.8885,33.784,57.0,-23.216,56654.5,8822267,-0.1824,19.0
AT,2019,Austria,26.82,21.6104,5.2096,19.4244,83.1342,36.0799,47.0544,56.6005,33.755,57.0,-23.245,60370.5,8858775,-0.2351,22.0
AT,2020,Austria,24.93,21.6104,3.3196,13.3158,76.9727,36.0799,40.8928,53.1264,36.545,57.0,-20.455,58522.9,8901064,0.1554,21.0
AT,2021,Austria,26.41,21.6104,4.7996,18.1735,80.0781,36.0799,43.9982,54.9441,34.792,57.0,-22.208,62998.8,8932664,-0.1107,21.0
AT,2022,Austria,25.31,21.6104,3.6996,14.6172,76.0792,36.0799,39.9994,52.576,34.075,57.0,-22.925,70865.6,8978929,0.051,25.0
AT,2023,Austria,24.62,21.6104,3.0096,12.2243,71.5963,36.0799,35.5165,49.6066,40.844,57.0,-16.156,71173.5,9104772,0.4044,19.0
AT,2024,Austria,24.38,21.6104,2.7696,11.3602,70.9999,36.0799,34.92,49.1832,42.951,57.0,-14.049,73427.6,9158750,0.505,17.0
BE,2005,Belgium,35.36,29.9146,5.4454,15.4,143.9155,63.2578,80.6577,56.0452,2.325,21.7,-19.375,33177.9,10478617,-0.9261,18.0
BE,2006,Belgium,34.94,29.9146,5.0254,14.3831,140.4689,63.2578,77.2112,54.9667,2.658,21.7,-19.042,35258.8,10547958,-0.8353,17.0
BE,2007,Belgium,33.83,29.9146,3.9154,11.5739,137.895,63.2578,74.6373,54.1262,3.14,21.7,-18.56,36799.5,10625700,-0.6847,18.0
BE,2008,Belgium,35.3,29.9146,5.3854,15.2562,139.5855,63.2578,76.3278,54.6817,3.611,21.7,-18.089,37883.2,10709973,-0.7797,18.0
BE,2009,Belgium,34.21,29.9146,4.2954,12.5561,132.0522,63.2578,68.7944,52.0964,4.746,21.7,-16.954,37885.9,10796493,-0.5346,19.0
BE,2010,Belgium,36.76,29.9146,6.8454,18.622,140.495,63.2578,77.2372,54.9751,6.004,21.7,-15.696,39844.4,10920272,-0.7119,21.0
BE,2011,Belgium,34.0,29.9146,4.0854,12.016,129.905,63.2578,66.6473,51.3046,6.302,21.7,-15.398,41244.7,11038264,-0.3734,17.0
BE,2012,Belgium,34.3,29.9146,4.3854,12.7855,128.0589,63.2578,64.8011,50.6026,7.086,21.7,-14.614,42483.6,11106932,-0.3181,19.0
BE,2013,Belgium,35.25,29.9146,5.3354,15.136,129.2315,63.2578,65.9737,51.0508,7.671,21.7,-14.029,43864.1,11159407,-0.3575,20.0
BE,2014,Belgium,32.84,29.9146,2.9254,8.9082,122.512,63.2578,59.2543,48.3661,8.038,21.7,-13.662,45147.5,11180840,-0.0754,20.0
BE,2015,Belgium,34.53,29.9146,4.6154,13.3665,127.1924,63.2578,63.9347,50.2661,8.06,21.7,-13.64,46084.2,11237274,-0.2504,21.0
BE,2016,Belgium,34.76,29.9146,4.8454,13.9397,126.1031,63.2578,62.8454,49.8365,8.744,21.7,-12.956,48414.6,11311117,-0.2042,19.0
BE,2017,Belgium,34.44,29.9146,4.5254,13.1401,124.0806,63.2578,60.8228,49.0188,9.136,21.7,-12.564,50255.9,11351727,-0.1291,17.0
BE,2018,Belgium,34.73,29.9146,4.8154,13.8654,124.6967,63.2578,61.439,49.2707,9.472,21.7,-12.228,52466.5,11398589,-0.1307,17.0
BE,2019,Belgium,34.03,29.9146,4.1154,12.0936,124.3926,63.2578,61.1349,49.1467,9.929,21.7,-11.771,56712.4,11455519,-0.035,17.0
BE,2020,Belgium,32.22,29.9146,2.3054,7.1553,115.6721,63.2578,52.4144,45.3129,13.0,21.7,-8.7,56119.6,11522440,0.4346,16.0
BE,2021,Belgium,34.6,29.9146,4.6854,13.5417,119.5214,63.2578,56.2637,47.0742,13.076,21.7,-8.624,60668.7,11554767,0.2157,16.0
BE,2022,Belgium,32.02,29.9146,2.1054,6.5754,111.9884,63.2578,48.7306,43.514,13.816,21.7,-7.884,67867.5,11617623,0.5487,12.0
BE,2023,Belgium,31.5,29.9146,1.5854,5.0331,107.2263,63.2578,43.9685,41.0053,14.741,21.7,-6.959,69818.2,11742796,0.7068,13.0
BE,2024,Belgium,32.29,29.9146,2.3754,7.3566,107.824,63.2578,44.5663,41.3324,14.336,21.7,-7.364,73027.9,11817096,0.6054,13.0
BG,2005,Bulgaria,9.77,8.793,0.977,10.0,64.9774,45.3396,19.6378,30.2225,9.173,35.0,-25.827,5206.9,7658972,-0.0183,9.0
BG,2006,Bulgaria,10.11,8.793,1.317,13.0267,66.2519,45.3396,20.9123,31.5648,9.415,35.0,-25.585,5758.6,7601022,-0.1147,10.0
BG,2007,Bulgaria,9.98,8.793,1.187,11.8938,70.0342,45.3396,24.6946,35.2608,9.098,35.0,-25.902,6458.0,7545338,-0.1412,10.0
BG,2008,Bulgaria,9.81,8.793,1.017,10.367,66.9248,45.3396,21.5852,32.2529,10.345,35.0,-24.655,7209.5,7492561,0.0056,7.0
BG,2009,Bulgaria,8.59,8.793,-0.203,-2.3632,58.6641,45.3396,13.3246,22.7134,12.005,35.0,-22.995,7116.0,7444443,0.5231,4.0
BG,2010,Bulgaria,8.83,8.793,0.037,0.419,61.6397,45.3396,16.3001,26.4442,13.927,35.0,-21.073,7506.1,7395599,0.5173,2.0
BG,2011,Bulgaria,9.25,8.793,0.457,4.9405,67.3019,45.3396,21.9624,32.6326,14.152,35.0,-20.848,8051.5,7348328,0.3445,7.0
BG,2012,Bulgaria,9.22,8.793,0.427,4.6312,62.4353,45.3396,17.0957,27.3815,15.837,35.0,-19.163,8395.1,7264890,0.4965,6.0
BG,2013,Bulgaria,8.78,8.793,-0.013,-0.1481,57.0464,45.3396,11.7068,20.5215,18.898,35.0,-16.102,8637.7,7160005,0.8357,4.0
BG,2014,Bulgaria,8.99,8.793,0.197,2.1913,60.5257,45.3396,15.1862,25.0905,18.05,35.0,-16.95,9198.6,7117453,0.6933,6.0
BG,2015,Bulgaria,9.49,8.793,0.697,7.3446,62.7186,45.3396,17.379,27.7095,18.261,35.0,-16.739,9664.0,7029690,0.5404,8.0
BG,2016,Bulgaria,9.65,8.793,0.857,8.8808,60.3089,45.3396,14.9693,24.821,18.76,35.0,-16.24,10607.0,6938759,0.551,7.0
BG,2017,Bulgaria,9.9,8.793,1.107,11.1818,62.5683,45.3396,17.2287,27.5358,18.695,35.0,-16.305,11410.5,6849518,0.4519,7.0
BG,2018,Bulgaria,9.92,8.793,1.127,11.3609,59.3596,45.3396,14.02,23.6188,20.581,35.0,-14.419,12269.6,6757418,0.5799,6.0
BG,2019,Bulgaria,9.85,8.793,1.057,10.731,57.7936,45.3396,12.454,21.5491,21.545,35.0,-13.455,13684.8,6664177,0.6664,6.0
BG,2020,Bulgaria,9.53,8.793,0.737,7.7335,52.5825,45.3396,7.243,13.7745,23.319,35.0,-11.681,13984.7,6569275,0.9062,6.0
BG,2021,Bulgaria,10.2,8.793,1.407,13.7941,59.1719,45.3396,13.8324,23.3766,19.445,35.0,-15.555,15828.3,6532117,0.4488,11.0
BG,2022,Bulgaria,9.92,8.793,1.127,11.3609,62.7432,45.3396,17.4036,27.7378,19.044,35.0,-15.956,18310.6,6482484,0.4617,14.0
BG,2023,Bulgaria,9.67,8.793,0.877,9.0693,49.6647,45.3396,4.3251,8.7086,22.549,35.0,-12.451,19137.3,6447710,0.8651,9.0
BG,2024,Bulgaria,9.89,8.793,1.097,11.092,46.6766,45.3396,1.337,2.8644,23.21,35.0,-11.79,21228.5,6445481,0.8745,10.0
CY,2005,Cyprus,1.83,1.7952,0.0348,1.9,9.2335,2.5116,6.7219,72.7987,3.131,33.0,-29.869,27763.2,738540,-1.3324,23.0
CY,2006,Cyprus,1.87,1.7952,0.0748,3.9984,9.3521,2.5116,6.8404,73.1433,3.263,33.0,-29.737,30015.0,750965,-1.4051,24.0
CY,2007,Cyprus,1.93,1.7952,0.1348,6.9829,9.6652,2.5116,7.1535,74.0133,4.001,33.0,-28.999,32889.0,767125,-1.5153,26.0
CY,2008,Cyprus,1.98,1.7952,0.1848,9.3318,9.8767,2.5116,7.365,74.5698,5.131,33.0,-27.869,34830.2,786632,-1.5689,27.0
CY,2009,Cyprus,1.94,1.7952,0.1448,7.4624,9.6837,2.5116,7.172,74.0627,5.92,33.0,-27.08,33883.6,808035,-1.431,28.0
CY,2010,Cyprus,1.93,1.7952,0.1348,6.9829,9.3535,2.5116,6.8419,73.1479,6.161,33.0,-26.839,33505.7,829446,-1.332,27.0
CY,2011,Cyprus,1.92,1.7952,0.1248,6.4984,9.1367,2.5116,6.6251,72.5109,6.245,33.0,-26.755,33406.2,850881,-1.2664,27.0
CY,2012,Cyprus,1.77,1.7952,-0.0252,-1.4254,8.604,2.5116,6.0923,70.808,7.111,33.0,-25.889,31980.9,863945,-0.9021,26.0
CY,2013,Cyprus,1.62,1.7952,-0.1752,-10.8167,7.9246,2.5116,5.4129,68.3052,8.428,33.0,-24.572,30470.7,862955,-0.4816,22.0
CY,2014,Cyprus,1.62,1.7952,-0.1752,-10.8167,8.3397,2.5116,5.8281,69.8838,9.144,33.0,-23.856,29894.1,860032,-0.5351,25.0
CY,2015,Cyprus,1.67,1.7952,-0.1252,-7.4988,8.4065,2.5116,5.8948,70.1221,9.903,33.0,-23.097,31388.9,860846,-0.5766,25.0
CY,2016,Cyprus,1.77,1.7952,-0.0252,-1.4254,8.8287,2.5116,6.3171,71.5519,9.833,33.0,-23.167,35244.9,863764,-0.8073,27.0
CY,2017,Cyprus,1.86,1.7952,0.0648,3.4823,9.0329,2.5116,6.5213,72.1946,10.478,33.0,-22.522,37767.2,869878,-0.9386,28.0
CY,2018,Cyprus,1.86,1.7952,0.0648,3.4823,8.9344,2.5116,6.4228,71.8881,13.873,33.0,-19.127,40261.4,878601,-0.7368,25.0
CY,2019,Cyprus,1.89,1.7952,0.0948,5.0143,8.9769,2.5116,6.4652,72.0206,13.777,33.0,-19.223,44393.8,890194,-0.7914,27.0
CY,2020,Cyprus,1.57,1.7952,-0.2252,-14.3459,8.6129,2.5116,6.1013,70.839,16.879,33.0,-16.121,42568.7,902429,-0.1181,26.0
CY,2021,Cyprus,1.69,1.7952,-0.1052,-6.2266,8.7563,2.5116,6.2447,71.3163,19.069,33.0,-13.931,47628.4,914476,-0.1942,24.0
CY,2022,Cyprus,1.82,1.7952,0.0248,1.361,9.0554,2.5116,6.5438,72.2639,19.427,33.0,-13.573,54845.1,929764,-0.4152,27.0
CY,2023,Cyprus,1.87,1.7952,0.0748,3.9984,9.1078,2.5116,6.5961,72.4228,20.213,33.0,-12.787,57317.5,949084,-0.4521,28.0
CY,2024,Cyprus,1.92,1.7952,0.1248,6.4984,9.3432,2.5116,6.8315,73.1175,20.844,33.0,-12.156,61271.3,966365,-0.5374,28.0
CZ,2005,Czechia,25.19,20.4039,4.7861,19.0,153.1457,89.8117,63.334,41.3554,7.113,30.0,-22.887,22065.4,10211216,-0.5094,15.0
CZ,2006,Czechia,25.47,20.4039,5.0661,19.8905,154.8529,89.8117,65.0412,42.0019,7.362,30.0,-22.638,23854.7,10238905,-0.5384,13.0
CZ,2007,Czechia,24.94,20.4039,4.5361,18.1881,156.691,89.8117,66.8792,42.6822,7.895,30.0,-22.105,26207.8,10298828,-0.4562,14.0
CZ,2008,Czechia,24.93,20.4039,4.5261,18.1552,150.3402,89.8117,60.5284,40.261,8.674,30.0,-21.326,27817.1,10384603,-0.3704,14.0
CZ,2009,Czechia,24.1,20.4039,3.6961,15.3365,143.2321,89.8117,53.4204,37.2964,9.977,30.0,-20.023,27573.3,10443936,-0.1528,16.0
CZ,2010,Czechia,24.39,20.4039,3.9861,16.3432,145.0687,89.8117,55.257,38.0902,10.513,30.0,-19.487,28042.3,10474410,-0.167,12.0
CZ,2011,Czechia,23.59,20.4039,3.1861,13.5061,142.5796,89.8117,52.7678,37.0094,10.945,30.0,-19.055,29235.6,10496088,-0.0322,14.0
CZ,2012,Czechia,23.55,20.4039,3.1461,13.3592,138.2693,89.8117,48.4575,35.0458,12.814,30.0,-17.186,29476.6,10510785,0.1082,13.0
CZ,2013,Czechia,23.33,20.4039,2.9261,12.5422,133.7778,89.8117,43.966,32.865,13.927,30.0,-16.073,31048.1,10514272,0.2267,12.0
CZ,2014,Czechia,22.65,20.4039,2.2461,9.9166,131.9113,89.8117,42.0996,31.9151,15.074,30.0,-14.926,32810.7,10512419,0.3853,11.0
CZ,2015,Czechia,23.29,20.4039,2.8861,12.392,133.526,89.8117,43.7142,32.7384,15.07,30.0,-14.93,34218.0,10538275,0.2997,13.0
CZ,2016,Czechia,23.89,20.4039,3.4861,14.5923,134.6853,89.8117,44.8735,33.3173,14.926,30.0,-15.074,36627.6,10553843,0.2134,13.0
CZ,2017,Czechia,24.66,20.4039,4.2561,17.2591,135.4786,89.8117,45.6669,33.7078,14.799,30.0,-15.201,39620.8,10578820,0.1104,13.0
CZ,2018,Czechia,24.43,20.4039,4.0261,16.4801,133.859,89.8117,44.0473,32.9057,15.139,30.0,-14.861,42016.4,10610055,0.1673,11.0
CZ,2019,Czechia,24.45,20.4039,4.0461,16.5485,128.1939,89.8117,38.3821,29.9407,16.239,30.0,-13.761,46139.6,10649800,0.2641,13.0
CZ,2020,Czechia,23.65,20.4039,3.2461,13.7256,118.2477,89.8117,28.4359,24.0477,17.303,30.0,-12.697,45675.1,10693939,0.4818,15.0
CZ,2021,Czechia,25.18,20.4039,4.7761,18.9678,123.5249,89.8117,33.7132,27.2926,17.614,30.0,-12.386,50019.1,10494836,0.2871,15.0
CZ,2022,Czechia,24.02,20.4039,3.6161,15.0545,121.9162,89.8117,32.1045,26.3332,18.123,30.0,-11.877,53270.2,10516707,0.4634,13.0
CZ,2023,Czechia,22.61,20.4039,2.2061,9.7572,108.8331,89.8117,19.0214,17.4776,18.586,30.0,-11.414,56104.3,10827529,0.7372,12.0
CZ,2024,Czechia,22.55,20.4039,2.1461,9.5171,100.3792,89.8117,10.5675,10.5276,19.211,30.0,-10.789,56104.3,10900555,0.8328,11.0
DE,2005,Germany,214.54,160.4759,54.0641,25.2,980.8167,556.0348,424.7819,43.309,7.167,41.0,-33.833,32763.6,82469422,-0.897,17.0
DE,2006,Germany,220.36,160.4759,59.8841,27.1756,987.4569,556.0348,431.4221,43.6902,8.466,41.0,-32.534,35263.9,82376451,-0.9354,18.0
DE,2007,Germany,207.44,160.4759,46.9641,22.6398,959.3779,556.0348,403.3431,42.0422,10.039,41.0,-30.961,37496.2,82266372,-0.6467,17.0
DE,2008,Germany,216.29,160.4759,55.8141,25.8052,958.308,556.0348,402.2732,41.9774,10.072,41.0,-30.928,39078.2,82110097,-0.7768,17.0
DE,2009,Germany,204.34,160.4759,43.8641,21.4662,892.9403,556.0348,336.9055,37.7299,10.851,41.0,-30.149,38202.9,81902307,-0.4994,17.0
DE,2010,Germany,217.36,160.4759,56.8841,26.1704,939.3062,556.0348,383.2714,40.8037,11.667,41.0,-29.333,40456.9,81012161,-0.7058,20.0
DE,2011,Germany,206.36,160.4759,45.8841,22.235,910.5429,556.0348,354.5081,38.9337,12.47,41.0,-28.53,43384.1,80274983,-0.4781,18.0
DE,2012,Germany,210.16,160.4759,49.6841,23.6411,921.4354,556.0348,365.4006,39.6556,13.549,41.0,-27.451,44234.5,80425823,-0.4998,22.0
DE,2013,Germany,215.64,160.4759,55.1641,25.5816,938.5372,556.0348,382.5024,40.7552,13.757,41.0,-27.243,45949.5,80645605,-0.59,25.0
DE,2014,Germany,204.4,160.4759,43.9241,21.4893,899.2232,556.0348,343.1884,38.165,14.381,41.0,-26.619,48060.8,80767463,-0.3559,22.0
DE,2015,Germany,207.14,160.4759,46.6641,22.5278,904.2443,556.0348,348.2095,38.5083,14.901,41.0,-26.099,48783.6,81197537,-0.3797,22.0
DE,2016,Germany,211.3,160.4759,50.8241,24.053,906.921,556.0348,350.8862,38.6898,14.885,41.0,-26.115,51858.7,82175684,-0.4454,22.0
DE,2017,Germany,212.97,160.4759,52.4941,24.6486,890.4565,556.0348,334.4217,37.5562,15.472,41.0,-25.528,54551.3,82521653,-0.4289,22.0
DE,2018,Germany,209.35,160.4759,48.8741,23.3456,859.3059,556.0348,303.2711,35.2926,16.66,41.0,-24.34,56833.9,82792351,-0.293,22.0
DE,2019,Germany,209.29,160.4759,48.8141,23.3237,806.0433,556.0348,250.0085,31.0168,17.266,41.0,-23.734,59953.1,83019213,-0.2132,21.0
DE,2020,Germany,197.42,160.4759,36.9441,18.7134,747.0268,556.0348,190.992,25.567,19.09,41.0,-21.91,59444.3,83166711,0.1013,24.0
DE,2021,Germany,201.95,160.4759,41.4741,20.5368,773.6886,556.0348,217.6538,28.132,19.281,41.0,-21.719,63548.2,83155031,0.015,19.0
DE,2022,Germany,196.94,160.4759,36.4641,18.5153,758.3872,556.0348,202.3524,26.6819,20.929,41.0,-20.071,69246.0,83237124,0.1757,19.0
DE,2023,Germany,186.9,160.4759,26.4241,14.1381,685.6584,556.0348,129.6236,18.905,21.547,41.0,-19.453,69758.2,83118501,0.4249,17.0
DE,2024,Germany,184.83,160.4759,24.3541,13.1765,674.3583,556.0348,118.3235,17.5461,22.474,41.0,-18.526,72693.0,83456045,0.5067,16.0
DK,2005,Denmark,15.5,13.702,1.798,11.6,65.9709,31.0597,34.9112,52.9191,15.955,58.0,-42.045,34243.8,5419432,-0.4263,14.0
DK,2006,Denmark,15.67,13.702,1.968,12.559,73.1747,31.0597,42.1151,57.5542,16.332,58.0,-41.668,37403.8,5437272,-0.5732,14.0
DK,2007,Denmark,15.72,13.702,2.018,12.8372,68.6771,31.0597,37.6174,54.7743,17.747,58.0,-40.253,39119.0,5461438,-0.4591,15.0
DK,2008,Denmark,15.53,13.702,1.828,11.7708,64.9763,31.0597,33.9166,52.1984,18.543,58.0,-39.457,41474.1,5493621,-0.3358,13.0
DK,2009,Denmark,14.8,13.702,1.098,7.4189,62.7426,31.0597,31.6829,50.4966,19.948,58.0,-38.052,40506.9,5523095,-0.1255,14.0
DK,2010,Denmark,15.52,13.702,1.818,11.7139,63.1292,31.0597,32.0695,50.7998,21.888,58.0,-36.112,43044.9,5547683,-0.2001,13.0
DK,2011,Denmark,14.82,13.702,1.118,7.5439,57.817,31.0597,26.7574,46.2794,23.389,58.0,-34.611,44446.6,5570572,0.0627,10.0
DK,2012,Denmark,14.47,13.702,0.768,5.3075,52.9598,31.0597,21.9001,41.3523,25.465,58.0,-32.535,44761.6,5591572,0.2733,9.0
DK,2013,Denmark,14.31,13.702,0.608,4.2488,54.5542,31.0597,23.4946,43.0665,27.173,58.0,-30.827,46883.2,5614932,0.3245,9.0
DK,2014,Denmark,13.85,13.702,0.148,1.0686,50.385,31.0597,19.3253,38.3553,29.31,58.0,-28.69,47880.7,5627235,0.544,7.0
DK,2015,Denmark,14.25,13.702,0.548,3.8456,48.2385,31.0597,17.1789,35.6124,30.469,58.0,-27.531,48919.2,5659715,0.5471,7.0
DK,2016,Denmark,14.66,13.702,0.958,6.5348,49.984,31.0597,18.9243,37.8607,31.715,58.0,-26.285,51814.3,5707251,0.4817,8.0
DK,2017,Denmark,14.76,13.702,1.058,7.168,47.703,31.0597,16.6434,34.8896,34.387,58.0,-23.613,55270.4,5748769,0.5854,5.0
DK,2018,Denmark,14.75,13.702,1.048,7.1051,47.6681,31.0597,16.6084,34.8418,35.159,58.0,-22.841,57231.3,5781190,0.6111,5.0
DK,2019,Denmark,14.5,13.702,0.798,5.5034,44.0304,31.0597,12.9708,29.4587,37.02,58.0,-20.98,60568.7,5806081,0.776,4.0
DK,2020,Denmark,13.25,13.702,-0.452,-3.4113,41.8742,31.0597,10.8146,25.8264,31.681,58.0,-26.319,62700.6,5822763,0.8726,7.0
DK,2021,Denmark,13.99,13.702,0.288,2.0586,43.2563,31.0597,12.1966,28.1961,41.813,58.0,-16.187,69355.4,5840045,1.0239,3.0
DK,2022,Denmark,13.41,13.702,-0.292,-2.1775,41.5535,31.0597,10.4938,25.2537,42.383,58.0,-15.617,77004.0,5873420,1.1732,2.0
DK,2023,Denmark,13.4,13.702,-0.302,-2.2537,38.9461,31.0597,7.8864,20.2495,44.396,58.0,-13.604,73282.7,5932654,1.2822,2.0
DK,2024,Denmark,13.19,13.702,-0.512,-3.8817,38.2646,31.0597,7.205,18.8294,46.461,58.0,-11.539,78603.4,5961249,1.3935,1.0
EE,2005,Estonia,2.86,2.5997,0.2603,9.1,24.0826,20.524,3.5586,14.7766,17.478,65.0,-47.522,16587.5,1354775,0.1638,6.0
EE,2006,Estonia,2.88,2.5997,0.2803,9.7313,23.4176,20.524,2.8936,12.3565,16.011,65.0,-48.989,19292.7,1346810,0.1238,6.0
EE,2007,Estonia,3.08,2.5997,0.4803,15.5929,27.2288,20.524,6.7048,24.6239,17.139,65.0,-47.861,22164.7,1340680,-0.1336,9.0
EE,2008,Estonia,3.06,2.5997,0.4603,15.0412,25.1666,20.524,4.6426,18.4475,18.811,65.0,-46.189,22781.2,1337090,-0.0144,8.0
EE,2009,Estonia,2.76,2.5997,0.1603,5.8065,21.8173,20.524,1.2934,5.9283,23.009,65.0,-41.991,20460.0,1334515,0.4664,7.0
EE,2010,Estonia,2.91,2.5997,0.3103,10.6619,26.7567,20.524,6.2327,23.294,24.575,65.0,-40.425,21587.2,1331475,0.2366,8.0
EE,2011,Estonia,2.83,2.5997,0.2303,8.1364,26.8763,20.524,6.3524,23.6357,25.515,65.0,-39.485,24610.5,1327439,0.3327,8.0
EE,2012,Estonia,2.89,2.5997,0.2903,10.0436,25.853,20.524,5.3291,20.613,25.586,65.0,-39.414,26193.0,1322696,0.3067,8.0
EE,2013,Estonia,2.89,2.5997,0.2903,10.0436,28.4031,20.524,7.8792,27.7406,25.356,65.0,-39.644,27784.7,1317997,0.2317,11.0
EE,2014,Estonia,2.82,2.5997,0.2203,7.8106,27.6318,20.524,7.1079,25.7236,26.13,65.0,-38.87,29375.6,1315819,0.3381,12.0
EE,2015,Estonia,2.8,2.5997,0.2003,7.1521,25.9106,20.524,5.3866,20.7892,28.987,65.0,-36.013,29768.3,1314870,0.48,11.0
EE,2016,Estonia,2.84,2.5997,0.2403,8.4599,25.299,20.524,4.775,18.8743,29.232,65.0,-35.768,31945.2,1315944,0.4661,9.0
EE,2017,Estonia,2.87,2.5997,0.2703,9.4167,26.7821,20.524,6.2582,23.3671,29.538,65.0,-35.462,34553.4,1315635,0.4066,9.0
EE,2018,Estonia,2.96,2.5997,0.3603,12.1709,28.5447,20.524,8.0207,28.0988,29.97,65.0,-35.03,37201.1,1319133,0.2874,9.0
EE,2019,Estonia,2.89,2.5997,0.2903,10.0436,19.8753,20.524,-0.6487,-3.2639,31.73,65.0,-33.27,40650.1,1324820,0.6334,7.0
EE,2020,Estonia,2.75,2.5997,0.1503,5.464,16.0162,20.524,-4.5077,-28.1445,30.069,65.0,-34.931,40691.5,1328976,0.8223,9.0
EE,2021,Estonia,2.83,2.5997,0.2303,8.1364,16.7189,20.524,-3.805,-22.7587,37.342,65.0,-27.658,44276.1,1330068,0.9252,4.0
EE,2022,Estonia,2.78,2.5997,0.1803,6.4842,18.744,20.524,-1.7799,-9.4958,38.542,65.0,-26.458,48225.1,1331796,0.9491,5.0
EE,2023,Estonia,2.61,2.5997,0.0103,0.3931,14.9843,20.524,-5.5397,-36.97,40.95,65.0,-24.05,47144.8,1365884,1.2726,3.0
EE,2024,Estonia,2.93,2.5997,0.3303,11.2717,14.1292,20.524,-6.3948,-45.2595,42.232,65.0,-22.768,49657.5,1374687,1.0343,6.0
ES,2005,Spain,96.89,71.6986,25.1914,26.0,448.8607,132.5462,316.3145,70.4705,8.444,48.0,-39.556,27623.7,43653155,-1.8281,28.0
ES,2006,Spain,94.74,71.6986,23.0414,24.3207,440.4548,132.5462,307.9086,69.907,9.156,48.0,-38.844,30780.8,44397319,-1.6949,28.0
ES,2007,Spain,97.35,71.6986,25.6514,26.3497,457.4613,132.5462,324.9152,71.0257,9.667,48.0,-38.333,32530.7,45226803,-1.8348,28.0
ES,2008,Spain,93.96,71.6986,22.2614,23.6924,422.1464,132.5462,289.6003,68.6019,10.744,48.0,-37.256,33328.9,45954106,-1.5344,26.0
ES,2009,Spain,87.45,71.6986,15.7514,18.0119,381.9898,132.5462,249.4437,65.3011,12.958,48.0,-35.042,32198.3,46362946,-1.0676,25.0
ES,2010,Spain,88.62,71.6986,16.9214,19.0943,369.0798,132.5462,236.5336,64.0874,13.782,48.0,-34.218,31818.1,46576897,-1.0229,25.0
ES,2011,Spain,86.13,71.6986,14.4314,16.7554,368.7756,132.5462,236.2294,64.0578,13.176,48.0,-34.824,32020.0,46742697,-0.9602,25.0
ES,2012,Spain,82.69,71.6986,10.9914,13.2923,363.889,132.5462,231.3428,63.5751,14.239,48.0,-33.761,31886.0,46765435,-0.7857,24.0
ES,2013,Spain,79.74,71.6986,8.0414,10.0845,334.1026,132.5462,201.5564,60.3277,15.081,48.0,-32.919,32629.8,46604197,-0.5317,23.0
ES,2014,Spain,78.57,71.6986,6.8714,8.7456,332.7515,132.5462,200.2054,60.1666,15.879,48.0,-32.121,33781.1,46495744,-0.4577,23.0
ES,2015,Spain,80.22,71.6986,8.5214,10.6225,344.1544,132.5462,211.6082,61.4864,16.221,48.0,-31.779,35266.9,46425722,-0.5482,23.0
ES,2016,Spain,82.07,71.6986,10.3714,12.6373,336.159,132.5462,203.6128,60.5704,17.015,48.0,-30.985,37637.9,46418884,-0.5478,23.0
ES,2017,Spain,84.39,71.6986,12.6914,15.039,350.3164,132.5462,217.7702,62.1639,17.118,48.0,-30.882,39877.3,46497393,-0.681,24.0
ES,2018,Spain,86.32,71.6986,14.6214,16.9386,342.6507,132.5462,210.1045,61.3174,17.023,48.0,-30.977,41073.7,46645070,-0.7172,24.0
ES,2019,Spain,86.25,71.6986,14.5514,16.8712,324.2336,132.5462,191.6874,59.1202,17.852,48.0,-30.148,44071.5,46918951,-0.6077,24.0
ES,2020,Spain,73.73,71.6986,2.0314,2.7552,283.7113,132.5462,151.1651,53.2813,21.22,48.0,-26.78,39340.0,47318050,0.1042,23.0
ES,2021,Spain,80.05,71.6986,8.3514,10.4327,302.6753,132.5462,170.1292,56.2085,20.55,48.0,-27.45,44342.3,47400798,-0.2113,25.0
ES,2022,Spain,81.34,71.6986,9.6414,11.8532,306.6168,132.5462,174.0707,56.7714,21.896,48.0,-26.104,50550.2,47486843,-0.222,26.0
ES,2023,Spain,80.84,71.6986,9.1414,11.308,286.8651,132.5462,154.319,53.795,24.852,48.0,-23.148,53204.8,48085361,-0.0149,26.0
ES,2024,Spain,83.54,71.6986,11.8414,14.1745,285.6383,132.5462,153.0922,53.5965,25.417,48.0,-22.583,56965.2,48619695,-0.0797,26.0
EU27,2005,EU27,1017.18,763.0,254.18,24.9887,4552.2244,2188.9248,2363.2996,51.9153,10.182,42.5,-32.318,26919.538057267862,435313456,-0.9494,19.0
EU27,2006,EU27,1021.82,763.0,258.82,25.3293,4550.1063,2188.9248,2361.1816,51.8929,10.778,42.5,-31.722,29262.08567143326,436777754,-0.9389,19.0
EU27,2007,EU27,1004.34,763.0,241.34,24.0297,4518.7492,2188.9248,2329.8245,51.5591,11.749,42.5,-30.751,31175.539683213967,438294386,-0.8359,19.0
EU27,2008,EU27,1013.93,763.0,250.93,24.7483,4409.4268,2188.9248,2220.502,50.3581,12.552,42.5,-29.948,32628.359656040924,439771096,-0.8054,19.0
EU27,2009,EU27,965.14,763.0,202.14,20.9441,4118.7674,2188.9248,1929.8426,46.8549,13.85,42.5,-28.65,31989.080176899137,440814253,-0.5247,18.0
EU27,2010,EU27,1003.55,763.0,240.55,23.9699,4235.0788,2188.9248,2046.154,48.3144,14.405,42.5,-28.095,33050.7832674878,440843360,-0.6523,18.0
EU27,2011,EU27,965.16,763.0,202.16,20.9457,4127.2787,2188.9248,1938.3539,46.9645,14.547,42.5,-27.953,34597.06598911969,440903160,-0.4982,20.0
EU27,2012,EU27,963.74,763.0,200.74,20.8293,4063.4564,2188.9248,1874.5317,46.1315,16.002,42.5,-26.498,35049.97848504278,441511582,-0.4176,20.0
EU27,2013,EU27,961.75,763.0,198.75,20.6655,3973.9871,2188.9248,1785.0624,44.9187,16.659,42.5,-25.841,36242.04954838008,442005526,-0.3617,21.0
EU27,2014,EU27,919.29,763.0,156.29,17.0012,3831.0179,2188.9248,1642.0932,42.8631,17.416,42.5,-25.084,37303.80219100235,442268078,-0.1606,21.0
EU27,2015,EU27,940.02,763.0,177.02,18.8315,3885.9444,2188.9248,1697.0196,43.6707,17.82,42.5,-24.68,38504.58565067373,442924865,-0.2231,20.0
EU27,2016,EU27,959.67,763.0,196.67,20.4935,3894.3909,2188.9248,1705.4662,43.7929,17.978,42.5,-24.522,40849.7155484324,444003268,-0.2807,21.0
EU27,2017,EU27,971.4,763.0,208.4,21.4536,3915.2258,2188.9248,1726.301,44.092,18.411,42.5,-24.089,43000.451059248,444670605,-0.3051,21.0
EU27,2018,EU27,974.32,763.0,211.32,21.689,3834.9115,2188.9248,1645.9868,42.9211,19.096,42.5,-23.404,45010.300034037384,445301376,-0.2657,21.0
EU27,2019,EU27,968.72,763.0,205.72,21.2363,3683.7541,2188.9248,1494.8294,40.579,19.887,42.5,-22.613,48548.38253440273,446149924,-0.1773,19.0
EU27,2020,EU27,892.07,763.0,129.07,14.4686,3395.6038,2188.9248,1206.6791,35.5365,22.038,42.5,-20.462,47564.68448727485,447030024,0.2257,19.0
EU27,2021,EU27,947.82,763.0,184.82,19.4995,3572.3656,2188.9248,1383.4409,38.7262,21.893,42.5,-20.607,51984.80327383636,445891011,-0.0006,20.0
EU27,2022,EU27,920.33,763.0,157.33,17.095,3483.106,2188.9248,1294.1813,37.156,23.103,42.5,-19.397,57468.479560421285,445998928,0.1584,21.0
EU27,2023,EU27,893.06,763.0,130.06,14.5634,3222.519,2188.9248,1033.5943,32.0741,24.551,42.5,-17.949,58967.675581605195,447704445,0.3699,21.0
EU27,2024,EU27,900.97,763.0,137.97,15.3135,3164.6647,2188.9248,975.7399,30.8323,25.241,42.5,-17.259,62273.75511124447,449309618,0.388,20.0
FI,2005,Finland,24.43,20.5945,3.8355,15.7,75.2059,32.8683,42.3375,56.2955,28.814,62.0,-33.186,32047.7,5246096,-0.3175,12.0
FI,2006,Finland,25.7,20.5945,5.1055,19.8658,87.4637,32.8683,54.5954,62.4206,30.043,62.0,-31.957,34447.5,5266268,-0.6375,16.0
FI,2007,Finland,25.82,20.5945,5.2255,20.2382,85.6334,32.8683,52.7651,61.6174,29.561,62.0,-32.439,37844.4,5288720,-0.6343,16.0
FI,2008,Finland,24.91,20.5945,4.3155,17.3244,76.7281,32.8683,43.8598,57.1626,31.071,62.0,-30.929,40081.2,5313399,-0.3354,12.0
FI,2009,Finland,23.3,20.5945,2.7055,11.6116,73.1198,32.8683,40.2514,55.0486,31.045,62.0,-30.955,37968.5,5338871,-0.0874,13.0
FI,2010,Finland,25.58,20.5945,4.9855,19.4899,82.9381,32.8683,50.0698,60.3701,32.166,62.0,-29.834,38950.2,5363352,-0.4873,16.0
FI,2011,Finland,24.36,20.5945,3.7655,15.4578,74.7015,32.8683,41.8331,56.0004,32.532,62.0,-29.468,40845.7,5388272,-0.1958,15.0
FI,2012,Finland,24.57,20.5945,3.9755,16.1803,68.6419,32.8683,35.7736,52.1163,34.222,62.0,-27.778,40738.9,5413971,-0.0705,15.0
FI,2013,Finland,24.2,20.5945,3.6055,14.8988,69.564,32.8683,36.6957,52.751,36.63,62.0,-25.37,41325.6,5438972,0.0251,15.0
FI,2014,Finland,24.04,20.5945,3.4455,14.3324,65.5626,32.8683,32.6943,49.8673,38.633,62.0,-23.367,41539.6,5451270,0.1677,15.0
FI,2015,Finland,23.69,20.5945,3.0955,13.0667,61.7912,32.8683,28.9229,46.8075,39.23,62.0,-22.77,42261.7,5471753,0.289,14.0
FI,2016,Finland,24.67,20.5945,4.0755,16.5201,64.6074,32.8683,31.7391,49.1261,38.943,62.0,-23.057,44562.4,5487308,0.119,14.0
FI,2017,Finland,24.81,20.5945,4.2155,16.9912,61.5473,32.8683,28.679,46.5967,40.857,62.0,-21.143,47235.0,5503297,0.2083,11.0
FI,2018,Finland,25.23,20.5945,4.6355,18.373,62.9803,32.8683,30.112,47.8118,41.185,62.0,-20.815,49242.7,5513130,0.1444,12.0
FI,2019,Finland,25.07,20.5945,4.4755,17.8521,59.607,32.8683,26.7387,44.8583,42.807,62.0,-19.193,52276.2,5517919,0.2657,12.0
FI,2020,Finland,22.96,20.5945,2.3655,10.3027,54.3465,32.8683,21.4782,39.5209,43.939,62.0,-18.061,53285.4,5525292,0.6326,12.0
FI,2021,Finland,24.36,20.5945,3.7655,15.4578,55.4026,32.8683,22.5343,40.6737,42.854,62.0,-19.146,56785.4,5533793,0.4207,12.0
FI,2022,Finland,22.9,20.5945,2.3055,10.0677,54.0916,32.8683,21.2233,39.2359,47.74,62.0,-14.26,61338.4,5548241,0.7512,7.0
FI,2023,Finland,22.21,20.5945,1.6155,7.2738,49.874,32.8683,17.0057,34.0973,50.75,62.0,-11.25,61735.3,5563970,0.9877,6.0
FI,2024,Finland,22.36,20.5945,1.7655,7.8958,48.679,32.8683,15.8107,32.4795,52.124,62.0,-9.876,64040.1,5603851,1.0292,7.0
FR,2005,France,155.97,106.8394,49.1305,31.5,541.8792,238.905,302.9742,55.9118,9.272,33.0,-23.728,30536.0,63001253,-1.2859,21.0
FR,2006,France,153.38,106.8394,46.5405,30.3433,528.1981,238.905,289.2931,54.7698,8.936,33.0,-24.064,32547.3,63437350,-1.2138,22.0
FR,2007,France,149.57,106.8394,42.7305,28.5689,522.8757,238.905,283.9708,54.3094,9.426,33.0,-23.574,34196.7,63826129,-1.0897,21.0
FR,2008,France,151.82,106.8394,44.9805,29.6276,515.5236,238.905,276.6186,53.6578,11.188,33.0,-21.812,35192.2,64178710,-1.0298,22.0
FR,2009,France,146.64,106.8394,39.8005,27.1417,501.2923,238.905,262.3873,52.3422,12.215,33.0,-20.785,34809.8,64504541,-0.8258,22.0
FR,2010,France,150.45,106.8394,43.6105,28.9867,510.8051,238.905,271.9001,53.2297,12.671,33.0,-20.329,36065.8,64818789,-0.9094,22.0
FR,2011,France,146.37,106.8394,39.5306,27.0073,493.1714,238.905,254.2665,51.5574,10.813,33.0,-22.187,37675.2,65127852,-0.8753,23.0
FR,2012,France,150.92,106.8394,44.0805,29.2079,495.3533,238.905,256.4484,51.7708,13.239,33.0,-19.761,37841.4,65438667,-0.854,25.0
FR,2013,France,153.53,106.8394,46.6906,30.4114,490.0011,238.905,251.0961,51.244,13.88,33.0,-19.12,39772.5,65883165,-0.8664,26.0
FR,2014,France,142.23,106.8394,35.3905,24.8826,455.8541,238.905,216.9491,47.5918,14.362,33.0,-18.638,40395.4,66165980,-0.5074,24.0
FR,2015,France,145.46,106.8394,38.6206,26.5506,461.6707,238.905,222.7657,48.2521,14.803,33.0,-18.197,41060.7,66458153,-0.5702,24.0
FR,2016,France,148.01,106.8394,41.1705,27.8161,462.9622,238.905,224.0572,48.3964,15.451,33.0,-17.549,42984.0,66638391,-0.5962,24.0
FR,2017,France,146.99,106.8394,40.1506,27.3152,465.7704,238.905,226.8654,48.7076,15.847,33.0,-17.153,44527.7,66809816,-0.5587,23.0
FR,2018,France,145.06,106.8394,38.2206,26.3481,452.3491,238.905,213.4441,47.1857,16.384,33.0,-16.616,46397.2,67026224,-0.4557,23.0
FR,2019,France,143.39,106.8394,36.5505,25.4903,443.9014,238.905,204.9964,46.1806,17.174,33.0,-15.826,51119.9,67290471,-0.3566,23.0
FR,2020,France,128.3,106.8394,21.4606,16.7269,401.5864,238.905,162.6814,40.5097,19.109,33.0,-13.891,49462.9,67473651,0.1836,20.0
FR,2021,France,139.97,106.8394,33.1305,23.6698,430.8782,238.905,191.9732,44.5539,19.316,33.0,-13.684,52443.0,67728568,-0.1359,23.0
FR,2022,France,135.24,106.8394,28.4006,21.0001,417.181,238.905,178.276,42.7335,20.445,33.0,-12.555,56041.9,68091703,0.0622,24.0
FR,2023,France,130.21,106.8394,23.3706,17.9484,390.7429,238.905,151.8379,38.8588,22.283,33.0,-10.717,58330.1,68277210,0.3342,22.0
FR,2024,France,130.72,106.8394,23.8805,18.2685,378.1202,238.905,139.2152,36.8177,23.229,33.0,-9.771,61258.4,68467362,0.4021,19.0
GR,2005,Greece,21.02,15.1975,5.8225,27.7,126.783,44.2321,82.5509,65.1119,7.277,43.0,-35.723,25003.8,10987314,-1.6282,27.0
GR,2006,Greece,21.63,15.1975,6.4325,29.739,123.3417,44.2321,79.1096,64.1385,7.458,43.0,-35.542,28082.1,11020362,-1.6743,27.0
GR,2007,Greece,22.1,15.1975,6.9025,31.2332,127.7455,44.2321,83.5134,65.3748,8.249,43.0,-34.751,28896.9,11048473,-1.7715,27.0
GR,2008,Greece,21.44,15.1975,6.2425,29.1163,123.2312,44.2321,78.9991,64.1064,8.183,43.0,-34.817,30440.9,11077841,-1.6133,28.0
GR,2009,Greece,20.58,15.1975,5.3825,26.1542,117.4857,44.2321,73.2536,62.3511,8.731,43.0,-34.269,29947.8,11107017,-1.383,27.0
GR,2010,Greece,19.06,15.1975,3.8625,20.2652,110.7949,44.2321,66.5628,60.0775,10.077,43.0,-32.923,27841.8,11121341,-1.004,24.0
GR,2011,Greece,18.92,15.1975,3.7225,19.6752,107.934,44.2321,63.7019,59.0193,11.153,43.0,-31.847,25692.5,11104899,-0.9023,24.0
GR,2012,Greece,17.06,15.1975,1.8625,10.9176,103.4296,44.2321,59.1975,57.2346,13.741,43.0,-29.259,24583.0,11045011,-0.4463,21.0
GR,2013,Greece,15.34,15.1975,0.1425,0.9292,95.8496,44.2321,51.6175,53.8526,15.326,43.0,-27.674,25730.9,10965211,-0.0148,16.0
GR,2014,Greece,15.58,15.1975,0.3825,2.4553,93.0221,44.2321,48.79,52.4499,15.683,43.0,-27.317,26450.3,10926807,-0.0029,17.0
GR,2015,Greece,16.56,15.1975,1.3625,8.2279,91.4404,44.2321,47.2083,51.6274,15.69,43.0,-27.31,26614.8,10858018,-0.1378,19.0
GR,2016,Greece,16.75,15.1975,1.5525,9.2689,89.9567,44.2321,45.7246,50.8296,15.39,43.0,-27.61,27504.5,10783748,-0.1615,18.0
GR,2017,Greece,16.41,15.1975,1.2125,7.389,90.4258,44.2321,46.1937,51.0846,17.3,43.0,-25.7,28681.7,10768193,-0.0358,16.0
GR,2018,Greece,15.91,15.1975,0.7125,4.4786,87.9204,44.2321,43.6883,49.6907,18.001,43.0,-24.999,29792.0,10741165,0.1031,15.0
GR,2019,Greece,16.17,15.1975,0.9725,6.0145,82.0806,44.2321,37.8485,46.1114,19.633,43.0,-23.367,31927.4,10724599,0.2016,14.0
GR,2020,Greece,14.44,15.1975,-0.7575,-5.2456,72.2833,44.2321,28.0512,38.8073,21.749,43.0,-21.251,29533.1,10718565,0.684,11.0
GR,2021,Greece,15.17,15.1975,-0.0275,-0.181,73.506,44.2321,29.2739,39.8252,22.001,43.0,-20.999,33306.8,10678632,0.5635,9.0
GR,2022,Greece,16.11,15.1975,0.9125,5.6644,74.6243,44.2321,30.3922,40.7269,22.671,43.0,-20.329,38288.5,10461627,0.428,15.0
GR,2023,Greece,15.73,15.1975,0.5325,3.3855,70.598,44.2321,26.3659,37.3465,25.269,43.0,-17.731,40533.3,10413982,0.6443,14.0
GR,2024,Greece,16.34,15.1975,1.1425,6.9923,71.5001,44.2321,27.268,38.137,25.364,43.0,-17.636,43324.7,10400720,0.5404,14.0
HR,2005,Croatia,7.25,6.6047,0.6453,8.9,29.285,14.7737,14.5113,49.552,23.691,42.5,-18.809,15445.4,4311674,0.227,5.0
HR,2006,Croatia,7.26,6.6047,0.6553,9.0255,29.7151,14.7737,14.9414,50.2821,22.668,42.5,-19.832,17624.9,4313009,0.1651,5.0
HR,2007,Croatia,7.29,6.6047,0.6853,9.3999,31.2597,14.7737,16.486,52.7388,22.161,42.5,-20.339,19556.8,4312749,0.0754,5.0
HR,2008,Croatia,7.41,6.6047,0.8053,10.8671,30.126,14.7737,15.3523,50.9603,21.986,42.5,-20.514,21012.2,4310882,0.067,6.0
HR,2009,Croatia,7.18,6.6047,0.5753,8.0118,28.3013,14.7737,13.5276,47.7986,23.596,42.5,-18.904,20342.3,4306322,0.2854,8.0
HR,2010,Croatia,7.21,6.6047,0.6053,8.3946,27.8346,14.7737,13.0609,46.9232,25.103,42.5,-17.397,20137.2,4296352,0.3541,7.0
HR,2011,Croatia,6.97,6.6047,0.3653,5.2403,27.5437,14.7737,12.7701,46.363,25.389,42.5,-17.111,21179.4,4282921,0.4641,5.0
HR,2012,Croatia,6.65,6.6047,0.0453,0.6805,25.9947,14.7737,11.2211,43.1668,26.757,42.5,-15.743,21628.9,4261894,0.695,4.0
HR,2013,Croatia,6.57,6.6047,-0.0347,-0.5289,25.5867,14.7737,10.813,42.2602,28.04,42.5,-14.46,22456.3,4232718,0.7922,6.0
HR,2014,Croatia,6.24,6.6047,-0.3647,-5.8454,24.9453,14.7737,10.1716,40.7756,27.817,42.5,-14.683,22743.7,4217632,0.9272,3.0
HR,2015,Croatia,6.59,6.6047,-0.0147,-0.2238,25.5777,14.7737,10.804,42.2399,28.969,42.5,-13.531,23767.1,4180915,0.8236,4.0
HR,2016,Croatia,6.64,6.6047,0.0353,0.5309,26.1126,14.7737,11.3389,43.4232,28.266,42.5,-14.234,25855.4,4131115,0.7564,5.0
HR,2017,Croatia,6.93,6.6047,0.3253,4.6934,26.788,14.7737,12.0144,44.8499,27.28,42.5,-15.22,27907.5,4078769,0.5849,6.0
HR,2018,Croatia,6.85,6.6047,0.2453,3.5803,25.7117,14.7737,10.938,42.541,28.047,42.5,-14.453,29810.8,4014341,0.6859,4.0
HR,2019,Croatia,6.91,6.6047,0.3053,4.4175,26.0109,14.7737,11.2372,43.2019,28.466,42.5,-14.034,33085.8,3968676,0.6701,5.0
HR,2020,Croatia,6.47,6.6047,-0.1347,-2.0827,25.435,14.7737,10.6613,41.9159,31.023,42.5,-11.477,31642.2,3933511,0.9572,5.0
HR,2021,Croatia,6.97,6.6047,0.3653,5.2403,25.538,14.7737,10.7643,42.1501,31.285,42.5,-11.215,36977.2,3893026,0.7821,7.0
HR,2022,Croatia,6.89,6.6047,0.2853,4.1401,25.3947,14.7737,10.6211,41.824,28.088,42.5,-14.412,41960.1,3862305,0.6849,9.0
HR,2023,Croatia,7.11,6.6047,0.5053,7.1062,26.8024,14.7737,12.0287,44.8792,28.051,42.5,-14.449,46282.8,3850894,0.5506,15.0
HR,2024,Croatia,7.4,6.6047,0.7953,10.7466,26.8418,14.7737,12.0682,44.9604,26.477,42.5,-16.023,48775.3,3861967,0.3787,21.0
HU,2005,Hungary,18.43,17.7112,0.7188,3.9,81.2411,43.3931,37.848,46.5873,6.931,30.0,-23.069,17091.3,10087065,-0.1462,10.0
HU,2006,Hungary,18.15,17.7112,0.4388,2.4175,80.3183,43.3931,36.9252,45.9736,7.433,30.0,-22.567,18365.9,10071370,-0.0671,8.0
HU,2007,Hungary,17.13,17.7112,-0.5812,-3.3931,77.7615,43.3931,34.3684,44.1972,8.575,30.0,-21.425,19090.0,10055780,0.1706,4.0
HU,2008,Hungary,17.14,17.7112,-0.5712,-3.3327,75.4517,43.3931,32.0587,42.489,8.564,30.0,-21.436,20708.8,10038188,0.1981,4.0
HU,2009,Hungary,16.79,17.7112,-0.9212,-5.4868,69.2622,43.3931,25.8691,37.3495,11.673,30.0,-18.327,20680.7,10022650,0.506,5.0
HU,2010,Hungary,17.11,17.7112,-0.6012,-3.5139,70.0197,43.3931,26.6267,38.0274,12.742,30.0,-17.258,21693.4,10000023,0.5153,3.0
HU,2011,Hungary,17.15,17.7112,-0.5612,-3.2725,69.3014,43.3931,25.9083,37.385,13.972,30.0,-16.028,22992.2,9958824,0.5908,4.0
HU,2012,Hungary,16.17,17.7112,-1.5412,-9.5314,65.548,43.3931,22.1549,33.7995,15.53,30.0,-14.47,23221.2,9913588,0.8626,2.0
HU,2013,Hungary,16.42,17.7112,-1.2912,-7.8638,62.9559,43.3931,19.5629,31.074,16.205,30.0,-13.795,24591.6,9872734,0.9011,2.0
HU,2014,Hungary,15.95,17.7112,-1.7612,-11.0422,63.1669,43.3931,19.7738,31.304,14.618,30.0,-15.382,25796.2,9850217,0.8696,5.0
HU,2015,Hungary,17.0,17.7112,-0.7112,-4.1837,66.1078,43.3931,22.7147,34.3601,14.495,30.0,-15.505,26944.9,9815858,0.6824,5.0
HU,2016,Hungary,17.47,17.7112,-0.2412,-1.3808,66.905,43.3931,23.5119,35.1422,14.377,30.0,-15.623,28178.9,9779652,0.6015,6.0
HU,2017,Hungary,18.09,17.7112,0.3788,2.0938,69.8689,43.3931,26.4758,37.8936,13.556,30.0,-16.444,29728.0,9739857,0.4317,8.0
HU,2018,Hungary,18.12,17.7112,0.4088,2.2559,70.1115,43.3931,26.7184,38.1084,12.548,30.0,-17.452,32258.3,9713655,0.3657,8.0
HU,2019,Hungary,18.24,17.7112,0.5288,2.899,70.3185,43.3931,26.9255,38.2908,12.634,30.0,-17.366,35627.2,9700272,0.3518,10.0
HU,2020,Hungary,17.69,17.7112,-0.0212,-0.12,68.681,43.3931,25.288,36.8195,13.85,30.0,-16.15,35583.6,9689376,0.5183,14.0
HU,2021,Hungary,18.89,17.7112,1.1788,6.2402,69.9447,43.3931,26.5516,37.9608,14.134,30.0,-15.866,38887.2,9651461,0.3558,13.0
HU,2022,Hungary,18.14,17.7112,0.4288,2.3637,65.5641,43.3931,22.1711,33.8159,15.128,30.0,-14.872,43879.9,9610403,0.5715,11.0
HU,2023,Hungary,16.76,17.7112,-0.9512,-5.6756,60.9502,43.3931,17.5571,28.8056,17.117,30.0,-12.883,45201.8,9599744,0.9338,8.0
HU,2024,Hungary,16.88,17.7112,-0.8312,-4.9243,60.4529,43.3931,17.0598,28.22,18.264,30.0,-11.736,47598.2,9584627,0.9908,8.0
IE,2005,Ireland,12.61,10.4915,2.1185,16.8,77.9148,26.5284,51.3864,65.952,2.822,43.0,-40.178,40465.3,4159914,-1.4131,24.0
IE,2006,Ireland,13.14,10.4915,2.6485,20.1559,78.3503,26.5284,51.8219,66.1413,3.073,43.0,-39.927,44271.2,4274137,-1.5334,26.0
IE,2007,Ireland,13.2,10.4915,2.7085,20.5188,76.8964,26.5284,50.368,65.5011,3.497,43.0,-39.503,46770.9,4398942,-1.4996,25.0
IE,2008,Ireland,13.21,10.4915,2.7185,20.579,76.1474,26.5284,49.619,65.1618,3.979,43.0,-39.021,44105.4,4489544,-1.4666,25.0
IE,2009,Ireland,11.79,10.4915,1.2985,11.0134,71.245,26.5284,44.7166,62.7645,5.243,43.0,-37.757,41435.3,4535375,-0.9875,23.0
IE,2010,Ireland,11.9,10.4915,1.4085,11.836,70.197,26.5284,43.6686,62.2087,5.755,43.0,-37.245,43171.4,4560155,-0.9699,23.0
IE,2011,Ireland,11.02,10.4915,0.5285,4.7956,65.8499,26.5284,39.3215,59.7138,6.605,43.0,-36.395,45472.9,4580084,-0.643,22.0
IE,2012,Ireland,10.72,10.4915,0.2285,2.1313,67.2415,26.5284,40.7131,60.5476,7.029,43.0,-35.971,46675.7,4599533,-0.586,23.0
IE,2013,Ireland,10.86,10.4915,0.3685,3.393,66.3444,26.5284,39.816,60.0141,7.521,43.0,-35.479,48802.9,4623816,-0.5793,24.0
IE,2014,Ireland,10.89,10.4915,0.3985,3.6591,66.1969,26.5284,39.6685,59.925,8.516,43.0,-34.484,52641.9,4637852,-0.5426,26.0
IE,2015,Ireland,11.31,10.4915,0.8185,7.2368,67.7868,26.5284,41.2584,60.865,9.083,43.0,-33.917,71633.0,4677627,-0.649,26.0
IE,2016,Ireland,11.74,10.4915,1.2485,10.6344,70.804,26.5284,44.2756,62.5326,9.189,43.0,-33.811,73098.2,4726286,-0.8062,26.0
IE,2017,Ireland,11.83,10.4915,1.3385,11.3143,69.9073,26.5284,43.3789,62.052,10.52,43.0,-32.48,80515.6,4799157,-0.7539,25.0
IE,2018,Ireland,12.37,10.4915,1.8785,15.1858,67.2065,26.5284,40.6781,60.527,10.942,43.0,-32.058,86503.4,4855733,-0.8041,27.0
IE,2019,Ireland,12.36,10.4915,1.8685,15.1172,65.2785,26.5284,38.7501,59.3612,11.979,43.0,-31.021,92208.9,4940311,-0.7193,26.0
IE,2020,Ireland,11.17,10.4915,0.6785,6.0741,62.9056,26.5284,36.3772,57.8283,16.16,43.0,-26.84,97780.7,5012600,-0.2269,28.0
IE,2021,Ireland,11.4,10.4915,0.9085,7.9691,65.1008,26.5284,38.5724,59.2503,12.996,43.0,-30.004,117132.2,5066893,-0.4542,28.0
IE,2022,Ireland,11.9,10.4915,1.4085,11.836,63.8576,26.5284,37.3292,58.4569,13.068,43.0,-29.932,136390.2,5154277,-0.5399,28.0
IE,2023,Ireland,11.97,10.4915,1.4785,12.3515,60.358,26.5284,33.8296,56.0483,15.253,43.0,-27.747,128804.9,5271395,-0.394,27.0
IE,2024,Ireland,12.24,10.4915,1.7485,14.285,59.6778,26.5284,33.1494,55.5473,16.064,43.0,-26.936,138270.7,5351681,-0.4086,27.0
IT,2005,Italy,134.51,101.9586,32.5514,24.2,578.7357,227.0929,351.6428,60.7605,7.549,39.4,-31.851,30137.8,58166682,-1.2595,20.0
IT,2006,Italy,132.99,101.9586,31.0314,23.3336,567.1625,227.0929,340.0696,59.9598,8.328,39.4,-31.072,32460.5,58399861,-1.1609,21.0
IT,2007,Italy,132.45,101.9586,30.4914,23.0211,560.6504,227.0929,333.5575,59.4947,9.807,39.4,-29.593,34108.8,58756247,-1.0666,20.0
IT,2008,Italy,132.37,101.9586,30.4114,22.9746,545.7313,227.0929,318.6385,58.3874,11.492,39.4,-27.908,35422.3,59211181,-0.9534,21.0
IT,2009,Italy,124.9,101.9586,22.9414,18.3678,494.5056,227.0929,267.4127,54.0768,12.775,39.4,-26.625,34483.7,59555454,-0.5954,20.0
IT,2010,Italy,126.22,101.9586,24.2614,19.2215,505.5662,227.0929,278.4733,55.0815,13.023,39.4,-26.377,34978.0,59819407,-0.6425,17.0
IT,2011,Italy,120.77,101.9586,18.8114,15.5762,494.9934,227.0929,267.9005,54.122,12.881,39.4,-26.519,36392.3,60026841,-0.4945,19.0
IT,2012,Italy,119.66,101.9586,17.7014,14.7931,476.6948,227.0929,249.6019,52.3609,15.441,39.4,-23.959,36281.1,60191247,-0.31,18.0
IT,2013,Italy,117.05,101.9586,15.0914,12.8931,442.7417,227.0929,215.6488,48.7076,16.741,39.4,-22.659,36459.3,60311613,-0.1079,17.0
IT,2014,Italy,111.92,101.9586,9.9614,8.9005,423.617,227.0929,196.5241,46.3919,17.082,39.4,-22.318,36665.7,60345917,0.0748,16.0
IT,2015,Italy,115.27,101.9586,13.3114,11.548,433.5335,227.0929,206.4406,47.6181,17.525,39.4,-21.875,37394.5,60295497,-0.0087,16.0
IT,2016,Italy,114.85,101.9586,12.8914,11.2246,429.2273,227.0929,202.1344,47.0926,17.415,39.4,-21.985,40482.6,60163712,0.0069,15.0
IT,2017,Italy,114.38,101.9586,12.4214,10.8598,426.1244,227.0929,199.0315,46.7074,18.267,39.4,-21.133,42142.3,60066734,0.0634,14.0
IT,2018,Italy,115.54,101.9586,13.5814,11.7547,421.8733,227.0929,194.7804,46.1704,17.796,39.4,-21.604,43583.4,59937769,0.0254,16.0
IT,2019,Italy,114.59,101.9586,12.6314,11.0231,413.4916,227.0929,186.3987,45.0792,18.181,39.4,-21.219,46661.9,59816673,0.0854,16.0
IT,2020,Italy,102.08,101.9586,0.1214,0.1189,375.4962,227.0929,148.4033,39.5219,20.359,39.4,-19.041,44435.6,59641488,0.5698,13.0
IT,2021,Italy,112.95,101.9586,10.9914,9.7312,408.9319,227.0929,181.8391,44.4668,18.883,39.4,-20.517,49825.4,59236213,0.1664,18.0
IT,2022,Italy,109.5,101.9586,7.5414,6.8871,408.0605,227.0929,180.9676,44.3482,19.131,39.4,-20.269,56247.4,59030133,0.2608,17.0
IT,2023,Italy,106.9,101.9586,4.9414,4.6225,378.5108,227.0929,151.4179,40.0036,19.594,39.4,-19.806,58211.0,58997201,0.4148,18.0
IT,2024,Italy,108.92,101.9586,6.9614,6.3913,371.1717,227.0929,144.0788,38.8173,19.385,39.4,-20.015,61150.1,58971230,0.3757,22.0
LT,2005,Lithuania,4.67,4.3991,0.2709,5.8,23.5785,21.8748,1.7038,7.2261,16.768,55.0,-38.232,14514.8,3322528,0.3724,3.0
LT,2006,Lithuania,4.93,4.3991,0.5309,10.768,23.8651,21.8748,1.9904,8.3402,16.887,55.0,-38.113,16447.0,3269909,0.2268,4.0
LT,2007,Lithuania,5.21,4.3991,0.8109,15.5635,25.9549,21.8748,4.0801,15.72,16.482,55.0,-38.518,19114.0,3231294,0.008,7.0
LT,2008,Lithuania,5.13,4.3991,0.7309,14.2468,26.4212,21.8748,4.5465,17.2078,17.824,55.0,-37.176,20735.7,3198231,0.0827,5.0
LT,2009,Lithuania,4.64,4.3991,0.2409,5.1909,23.3173,21.8748,1.4425,6.1864,19.798,55.0,-35.202,18167.6,3162916,0.4918,6.0
LT,2010,Lithuania,4.81,4.3991,0.4109,8.5418,24.2246,21.8748,2.3499,9.7005,19.639,55.0,-35.361,19827.9,3097282,0.3709,6.0
LT,2011,Lithuania,4.78,4.3991,0.3809,7.9678,25.1128,21.8748,3.2381,12.8942,19.943,55.0,-35.057,22701.5,3028115,0.3745,6.0
LT,2012,Lithuania,4.9,4.3991,0.5009,10.2216,25.4341,21.8748,3.5594,13.9946,21.437,55.0,-33.563,24566.9,2989139,0.3483,7.0
LT,2013,Lithuania,4.78,4.3991,0.3809,7.9678,23.9046,21.8748,2.0299,8.4917,22.689,55.0,-32.311,26563.4,2961250,0.4925,7.0
LT,2014,Lithuania,4.88,4.3991,0.4809,9.8537,23.9487,21.8748,2.0739,8.6598,23.592,55.0,-31.408,28005.8,2947862,0.4654,10.0
LT,2015,Lithuania,4.86,4.3991,0.4609,9.4827,24.7285,21.8748,2.8538,11.5405,25.748,55.0,-29.252,28854.0,2926644,0.5253,9.0
LT,2016,Lithuania,5.1,4.3991,0.7009,13.7424,24.4684,21.8748,2.5937,10.6002,25.612,55.0,-29.388,30772.6,2895573,0.3964,10.0
LT,2017,Lithuania,5.34,4.3991,0.9409,17.6191,24.9035,21.8748,3.0287,12.1618,26.038,55.0,-28.962,33591.6,2859077,0.2677,10.0
LT,2018,Lithuania,5.57,4.3991,1.1709,21.0208,24.4549,21.8748,2.5802,10.5508,24.695,55.0,-30.305,36491.9,2826200,0.1107,14.0
LT,2019,Lithuania,5.56,4.3991,1.1609,20.8788,24.6564,21.8748,2.7816,11.2815,25.474,55.0,-29.526,40563.8,2812200,0.1358,15.0
LT,2020,Lithuania,5.31,4.3991,0.9109,17.1537,24.4498,21.8748,2.575,10.5318,26.773,55.0,-28.227,41262.7,2809977,0.319,18.0
LT,2021,Lithuania,5.66,4.3991,1.2609,22.2767,24.2878,21.8748,2.4131,9.9354,28.166,55.0,-26.834,45897.4,2810761,0.1762,17.0
LT,2022,Lithuania,5.39,4.3991,0.9909,18.3833,22.2997,21.8748,0.425,1.9059,29.599,55.0,-25.401,50218.1,2805998,0.4197,16.0
LT,2023,Lithuania,5.32,4.3991,0.9209,17.3094,21.5756,21.8748,-0.2992,-1.3868,31.926,55.0,-23.074,51276.4,2857279,0.5503,16.0
LT,2024,Lithuania,5.59,4.3991,1.1909,21.3034,21.5357,21.8748,-0.339,-1.5741,35.408,55.0,-19.592,54816.7,2885891,0.5146,15.0
LU,2005,Luxembourg,4.48,3.1763,1.3037,29.1,13.0766,5.8188,7.2578,55.5022,1.402,37.0,-35.598,68707.8,465158,-1.5811,26.0
LU,2006,Luxembourg,4.41,3.1763,1.2337,27.9746,12.8815,5.8188,7.0626,54.8276,1.469,37.0,-35.531,78829.3,472637,-1.5064,25.0
LU,2007,Luxembourg,4.34,3.1763,1.1637,26.8129,12.2979,5.8188,6.4791,52.6846,2.725,37.0,-34.275,85004.0,479993,-1.3385,24.0
LU,2008,Luxembourg,4.38,3.1763,1.2037,27.4813,12.1822,5.8188,6.3634,52.235,2.809,37.0,-34.191,90863.0,488650,-1.3538,24.0
LU,2009,Luxembourg,4.08,3.1763,0.9037,22.149,11.5846,5.8188,5.7658,49.7712,2.929,37.0,-34.071,86797.0,497783,-1.0642,24.0
LU,2010,Luxembourg,4.33,3.1763,1.1537,26.6439,12.2047,5.8188,6.3859,52.3232,2.851,37.0,-34.149,90241.5,506953,-1.3161,26.0
LU,2011,Luxembourg,4.29,3.1763,1.1137,25.9599,12.0611,5.8188,6.2423,51.7557,2.855,37.0,-34.145,94278.1,518347,-1.2719,28.0
LU,2012,Luxembourg,4.17,3.1763,0.9937,23.8293,11.8226,5.8188,6.0038,50.7823,3.112,37.0,-33.888,96535.6,530946,-1.1463,28.0
LU,2013,Luxembourg,4.13,3.1763,0.9537,23.0915,11.2916,5.8188,5.4728,48.468,3.494,37.0,-33.506,100560.4,543360,-1.0474,27.0
LU,2014,Luxembourg,4.0,3.1763,0.8237,20.592,10.798,5.8188,4.9792,46.1123,4.471,37.0,-32.529,104917.0,549680,-0.8558,28.0
LU,2015,Luxembourg,3.99,3.1763,0.8137,20.393,10.2964,5.8188,4.4776,43.4869,4.987,37.0,-32.013,107927.2,562958,-0.7761,27.0
LU,2016,Luxembourg,4.04,3.1763,0.8637,21.3782,10.0361,5.8188,4.2173,42.0213,5.364,37.0,-31.636,112954.6,576249,-0.7713,25.0
LU,2017,Luxembourg,4.18,3.1763,1.0037,24.0115,10.1941,5.8188,4.3752,42.9191,6.194,37.0,-30.806,114861.8,590667,-0.8531,27.0
LU,2018,Luxembourg,4.35,3.1763,1.1737,26.9811,10.5294,5.8188,4.7106,44.7377,8.942,37.0,-28.058,116473.7,602005,-0.8836,28.0
LU,2019,Luxembourg,4.39,3.1763,1.2137,27.6465,10.6599,5.8188,4.8411,45.414,7.046,37.0,-29.954,121073.1,613894,-1.016,28.0
LU,2020,Luxembourg,3.81,3.1763,0.6337,16.632,8.9246,5.8188,3.1058,34.8005,11.699,37.0,-25.301,121925.3,626108,-0.1918,27.0
LU,2021,Luxembourg,4.06,3.1763,0.8837,21.7655,9.3179,5.8188,3.4991,37.5524,11.726,37.0,-25.274,136542.9,634730,-0.4171,27.0
LU,2022,Luxembourg,3.67,3.1763,0.4937,13.4518,8.1924,5.8188,2.3736,28.9731,14.429,37.0,-22.571,142905.6,645397,0.113,23.0
LU,2023,Luxembourg,3.51,3.1763,0.3337,9.5066,7.8525,5.8188,2.0336,25.8976,14.355,37.0,-22.645,144112.9,660809,0.2629,23.0
LU,2024,Luxembourg,3.53,3.1763,0.3537,10.0193,8.0537,5.8188,2.2348,27.7488,14.742,37.0,-22.258,150745.1,672050,0.247,24.0
LV,2005,Latvia,4.02,3.5014,0.5186,12.9,12.2862,12.3959,-0.1097,-0.8929,32.264,61.0,-28.736,13344.2,2238799,0.6046,1.0
LV,2006,Latvia,4.19,3.5014,0.6886,16.4339,12.8783,12.3959,0.4824,3.7458,31.141,61.0,-29.859,15022.6,2218357,0.4292,2.0
LV,2007,Latvia,4.35,3.5014,0.8486,19.5076,13.309,12.3959,0.9131,6.8608,29.615,61.0,-31.385,17275.5,2200325,0.2563,3.0
LV,2008,Latvia,4.15,3.5014,0.6486,15.6284,12.9104,12.3959,0.5145,3.9852,29.811,61.0,-31.189,18631.2,2177322,0.417,3.0
LV,2009,Latvia,4.04,3.5014,0.5386,13.3312,12.1567,12.3959,-0.2392,-1.9676,34.317,61.0,-26.683,16557.1,2141669,0.6555,3.0
LV,2010,Latvia,4.12,3.5014,0.6186,15.0141,13.2286,12.3959,0.8327,6.2947,30.375,61.0,-30.625,17345.6,2097555,0.4396,4.0
LV,2011,Latvia,3.87,3.5014,0.3686,9.524,12.6509,12.3959,0.255,2.0157,33.478,61.0,-27.522,18626.7,2059709,0.7261,2.0
LV,2012,Latvia,4.03,3.5014,0.5286,13.1161,12.5754,12.3959,0.1795,1.4274,35.709,61.0,-25.291,20500.8,2034319,0.6837,5.0
LV,2013,Latvia,3.86,3.5014,0.3586,9.2896,12.3292,12.3959,-0.0667,-0.541,37.037,61.0,-23.963,21848.4,2012647,0.8495,3.0
LV,2014,Latvia,3.89,3.5014,0.3886,9.9892,12.2099,12.3959,-0.1859,-1.5225,38.629,61.0,-22.371,22968.3,2001468,0.8799,4.0
LV,2015,Latvia,3.79,3.5014,0.2886,7.6142,12.4808,12.3959,0.0849,0.6802,37.538,61.0,-23.462,24140.6,1986096,0.9052,3.0
LV,2016,Latvia,3.82,3.5014,0.3186,8.3398,12.4655,12.3959,0.0696,0.5583,37.138,61.0,-23.862,25804.8,1968957,0.8738,3.0
LV,2017,Latvia,4.01,3.5014,0.5086,12.6828,12.3325,12.3959,-0.0634,-0.5141,39.008,61.0,-21.992,27661.3,1950116,0.8029,3.0
LV,2018,Latvia,4.18,3.5014,0.6786,16.234,12.9111,12.3959,0.5152,3.9904,40.019,61.0,-20.981,29832.1,1934379,0.6894,3.0
LV,2019,Latvia,4.08,3.5014,0.5786,14.1809,12.7841,12.3959,0.3882,3.0366,40.929,61.0,-20.071,32209.7,1919968,0.7898,3.0
LV,2020,Latvia,3.86,3.5014,0.3586,9.2896,12.1885,12.3959,-0.2074,-1.7016,42.132,61.0,-18.868,32734.3,1907675,1.002,4.0
LV,2021,Latvia,4.06,3.5014,0.5586,13.7581,12.4485,12.3959,0.0526,0.4225,42.096,61.0,-18.904,36906.9,1893223,0.852,5.0
LV,2022,Latvia,3.93,3.5014,0.4286,10.9053,11.8236,12.3959,-0.5723,-4.8403,43.72,61.0,-17.28,39803.7,1875757,1.0158,3.0
LV,2023,Latvia,3.9,3.5014,0.3986,10.22,11.698,12.3959,-0.6979,-5.966,43.223,61.0,-17.777,41922.2,1892103,1.0277,5.0
LV,2024,Latvia,3.86,3.5014,0.3586,9.2896,11.6424,12.3959,-0.7535,-6.472,45.535,61.0,-15.465,44292.8,1875316,1.124,4.0
MT,2005,Malta,0.46,0.7953,-0.3353,-72.9,2.9763,1.1339,1.8424,61.9023,0.123,24.5,-24.377,22221.5,403834,0.1526,7.0
MT,2006,Malta,0.47,0.7953,-0.3253,-69.2213,3.0355,1.1339,1.9015,62.6428,0.149,24.5,-24.351,23221.7,405308,0.0954,7.0
MT,2007,Malta,0.48,0.7953,-0.3153,-65.6958,3.1132,1.1339,1.9792,63.5746,0.177,24.5,-24.323,25006.1,406724,0.0292,6.0
MT,2008,Malta,0.5,0.7953,-0.2953,-59.068,3.1332,1.1339,1.9993,63.8098,0.195,24.5,-24.305,26645.3,409379,-0.0397,9.0
MT,2009,Malta,0.45,0.7953,-0.3453,-76.7422,2.8992,1.1339,1.7652,60.8864,0.221,24.5,-24.279,26759.2,412477,0.2275,9.0
MT,2010,Malta,0.5,0.7953,-0.2953,-59.068,2.9494,1.1339,1.8155,61.5547,0.979,24.5,-23.521,28908.1,414508,0.106,9.0
MT,2011,Malta,0.49,0.7953,-0.3053,-62.3143,2.9387,1.1339,1.8048,61.4141,1.85,24.5,-22.65,29418.1,416268,0.2037,9.0
MT,2012,Malta,0.51,0.7953,-0.2853,-55.949,3.1178,1.1339,1.9839,63.6304,2.862,24.5,-21.638,30736.0,419505,0.1281,12.0
MT,2013,Malta,0.53,0.7953,-0.2653,-50.0642,2.783,1.1339,1.649,59.253,3.76,24.5,-20.74,33104.7,424810,0.2953,10.0
MT,2014,Malta,0.55,0.7953,-0.2453,-44.6073,2.7879,1.1339,1.6539,59.3252,4.744,24.5,-19.756,35172.0,428156,0.3027,13.0
MT,2015,Malta,0.58,0.7953,-0.2153,-37.1276,2.1102,1.1339,0.9763,46.2658,5.119,24.5,-19.381,38363.4,438805,0.5697,6.0
MT,2016,Malta,0.58,0.7953,-0.2153,-37.1276,1.8278,1.1339,0.6938,37.9587,6.208,24.5,-18.292,40992.1,449635,0.7854,4.0
MT,2017,Malta,0.62,0.7953,-0.1753,-28.2806,2.0164,1.1339,0.8825,43.7657,7.219,24.5,-17.281,45735.3,459375,0.6447,4.0
MT,2018,Malta,0.66,0.7953,-0.1353,-20.5061,2.0118,1.1339,0.8779,43.6376,7.914,24.5,-16.586,48130.0,474837,0.5757,7.0
MT,2019,Malta,0.7,0.7953,-0.0953,-13.62,2.1153,1.1339,0.9813,46.3914,8.23,24.5,-16.27,51326.0,492968,0.4268,9.0
MT,2020,Malta,0.55,0.7953,-0.2453,-44.6073,2.0609,1.1339,0.927,44.9795,10.714,24.5,-13.786,49985.1,514855,1.0843,2.0
MT,2021,Malta,0.59,0.7953,-0.2053,-34.8034,2.0682,1.1339,0.9342,45.1708,12.631,24.5,-11.869,56818.7,516125,1.0968,2.0
MT,2022,Malta,0.7,0.7953,-0.0953,-13.62,2.235,1.1339,1.1011,49.2661,13.969,24.5,-10.531,59441.3,520174,0.7784,6.0
MT,2023,Malta,0.71,0.7953,-0.0853,-12.0197,2.2252,1.1339,1.0913,49.0423,15.077,24.5,-9.423,64155.5,542051,0.8321,11.0
MT,2024,Malta,0.74,0.7953,-0.0553,-7.4784,2.2436,1.1339,1.1097,49.4603,17.21,24.5,-7.29,69981.2,563443,0.8849,9.0
NL,2005,Netherlands,52.63,38.4199,14.2101,27.0,222.2997,100.7177,121.582,54.6928,2.478,39.0,-36.522,37778.2,16319868,-1.4164,25.0
NL,2006,Netherlands,52.48,38.4199,14.0601,26.7913,218.483,100.7177,117.7653,53.9014,2.778,39.0,-36.222,41217.1,16346101,-1.3726,23.0
NL,2007,Netherlands,51.55,38.4199,13.1301,25.4706,218.6048,100.7177,117.887,53.927,3.298,39.0,-35.702,44204.2,16381696,-1.2917,23.0
NL,2008,Netherlands,52.5,38.4199,14.0801,26.8192,214.1106,100.7177,113.3929,52.96,3.596,39.0,-35.404,46713.2,16445593,-1.3131,23.0
NL,2009,Netherlands,50.62,38.4199,12.2001,24.1013,208.2436,100.7177,107.5258,51.6346,4.266,39.0,-34.734,44936.8,16530388,-1.1331,26.0
NL,2010,Netherlands,54.11,38.4199,15.6901,28.9967,219.8685,100.7177,119.1507,54.1918,3.917,39.0,-35.083,45307.4,16615394,-1.4311,28.0
NL,2011,Netherlands,50.3,38.4199,11.8801,23.6185,206.761,100.7177,106.0432,51.2878,4.524,39.0,-34.476,47004.3,16693074,-1.0934,26.0
NL,2012,Netherlands,50.35,38.4199,11.9301,23.6943,203.8854,100.7177,103.1677,50.6008,4.659,39.0,-34.341,47653.2,16754962,-1.0746,27.0
NL,2013,Netherlands,50.28,38.4199,11.8601,23.5881,201.6783,100.7177,100.9606,50.0602,4.691,39.0,-34.309,49623.3,16804432,-1.0567,28.0
NL,2014,Netherlands,45.85,38.4199,7.4301,16.2052,193.5741,100.7177,92.8563,47.9694,5.415,39.0,-33.585,49751.3,16829289,-0.7024,27.0
NL,2015,Netherlands,47.04,38.4199,8.6201,18.325,201.5296,100.7177,100.8119,50.0234,5.714,39.0,-33.286,50970.1,16900726,-0.8072,28.0
NL,2016,Netherlands,48.08,38.4199,9.6601,20.0917,202.6787,100.7177,101.961,50.3067,5.846,39.0,-33.154,53163.3,16979120,-0.8727,28.0
NL,2017,Netherlands,48.36,38.4199,9.9401,20.5544,198.731,100.7177,98.0132,49.3195,6.507,39.0,-32.493,56038.5,17081507,-0.8388,26.0
NL,2018,Netherlands,48.7,38.4199,10.2801,21.109,191.8839,100.7177,91.1662,47.5111,7.394,39.0,-31.606,58818.0,17181084,-0.7827,26.0
NL,2019,Netherlands,47.78,38.4199,9.3601,19.59,186.7,100.7177,85.9823,46.0537,8.886,39.0,-30.114,62344.8,17282163,-0.6296,25.0
NL,2020,Netherlands,43.76,38.4199,5.3401,12.2032,170.3436,100.7177,69.6259,40.8738,13.999,39.0,-25.001,62594.8,17407585,-0.0587,25.0
NL,2021,Netherlands,45.31,38.4199,6.8901,15.2066,173.5896,100.7177,72.8719,41.9794,13.116,39.0,-25.884,68573.7,17475415,-0.2131,26.0
NL,2022,Netherlands,41.66,38.4199,3.2401,7.7775,160.2836,100.7177,59.5658,37.1628,15.134,39.0,-23.866,77152.1,17590672,0.179,18.0
NL,2023,Netherlands,40.84,38.4199,2.4201,5.9258,149.4884,100.7177,48.7707,32.6251,17.42,39.0,-21.58,77024.7,17811291,0.3922,20.0
NL,2024,Netherlands,41.69,38.4199,3.2701,7.8438,145.0067,100.7177,44.289,30.5427,20.18,39.0,-18.82,83354.0,17942942,0.4876,18.0
PL,2005,Poland,57.81,58.5037,-0.6937,-1.2,409.9523,231.055,178.8973,43.6386,6.867,29.8,-22.933,13937.1,38165445,0.0331,8.0
PL,2006,Poland,60.34,58.5037,1.8363,3.0432,423.2401,231.055,192.1851,45.4081,6.859,29.8,-22.941,15211.7,38141267,-0.1032,9.0
PL,2007,Poland,60.54,58.5037,2.0363,3.3635,420.4154,231.055,189.3604,45.0413,6.903,29.8,-22.897,16835.9,38120560,-0.1021,8.0
PL,2008,Poland,61.62,58.5037,3.1163,5.0573,411.6412,231.055,180.5862,43.8698,7.686,29.8,-22.114,18377.1,38125759,-0.0794,10.0
PL,2009,Poland,61.04,58.5037,2.5363,4.1551,395.3078,231.055,164.2527,41.5506,8.676,29.8,-21.124,19289.2,38079373,0.0417,12.0
PL,2010,Poland,65.72,58.5037,7.2163,10.9803,414.1734,231.055,183.1183,44.213,9.281,29.8,-20.519,20993.5,38042794,-0.1603,11.0
PL,2011,Poland,64.05,58.5037,5.5463,8.6593,410.7148,231.055,179.6598,43.7432,10.337,29.8,-19.463,22815.8,38063255,-0.0213,13.0
PL,2012,Poland,63.73,58.5037,5.2263,8.2007,405.0957,231.055,174.0407,42.9629,10.955,29.8,-18.845,23730.7,38063164,0.0416,14.0
PL,2013,Poland,62.55,58.5037,4.0463,6.4689,399.1533,231.055,168.0983,42.1137,11.452,29.8,-18.348,24439.4,38040196,0.1335,13.0
PL,2014,Poland,60.68,58.5037,2.1763,3.5865,385.4238,231.055,154.3688,40.0517,11.605,29.8,-18.195,25463.5,38017856,0.2523,14.0
PL,2015,Poland,61.38,58.5037,2.8763,4.686,387.923,231.055,156.8679,40.4379,11.881,29.8,-17.919,26998.8,38005614,0.2337,15.0
PL,2016,Poland,65.66,58.5037,7.1563,10.899,399.4495,231.055,168.3945,42.1566,11.396,29.8,-18.404,28369.6,37967209,0.0017,16.0
PL,2017,Poland,69.89,58.5037,11.3863,16.2917,412.81,231.055,181.755,44.0287,11.059,29.8,-18.741,30180.2,37972964,-0.2239,18.0
PL,2018,Poland,73.84,58.5037,15.3363,20.7696,411.6684,231.055,180.6134,43.8735,14.936,29.8,-14.864,32360.9,37976687,-0.1557,18.0
PL,2019,Poland,72.68,58.5037,14.1763,19.5051,392.6558,231.055,161.6007,41.1558,15.377,29.8,-14.423,35898.8,37972812,-0.0366,18.0
PL,2020,Poland,70.34,58.5037,11.8363,16.8272,375.6244,231.055,144.5693,38.4877,16.102,29.8,-13.698,37438.5,37958138,0.143,22.0
PL,2021,Poland,74.34,58.5037,15.8363,21.3025,403.1414,231.055,172.0864,42.6864,15.623,29.8,-14.177,41069.4,37073357,-0.1155,22.0
PL,2022,Poland,71.32,58.5037,12.8163,17.9701,384.9357,231.055,153.8807,39.9757,16.891,29.8,-12.909,44909.6,36889761,0.1267,22.0
PL,2023,Poland,69.61,58.5037,11.1063,15.955,354.3109,231.055,123.2559,34.7875,16.564,29.8,-13.236,45585.7,36753736,0.2512,24.0
PL,2024,Poland,69.7,58.5037,11.1963,16.0635,348.195,231.055,117.14,33.6421,17.77,29.8,-12.03,49239.4,36620970,0.333,23.0
PT,2005,Portugal,19.01,14.3906,4.6194,24.3,84.7248,25.9366,58.7882,69.3872,19.523,51.0,-31.477,22725.3,10503330,-1.3266,22.0
PT,2006,Portugal,18.74,14.3906,4.3494,23.2093,79.9003,25.9366,53.9637,67.5388,20.792,51.0,-30.208,24682.6,10522288,-1.135,20.0
PT,2007,Portugal,18.96,14.3906,4.5694,24.1004,78.1636,25.9366,52.227,66.8176,21.907,51.0,-29.093,25738.9,10542964,-1.0964,22.0
PT,2008,Portugal,18.45,14.3906,4.0594,22.0023,75.7956,25.9366,49.859,65.7809,22.929,51.0,-28.071,26665.8,10558177,-0.9255,20.0
PT,2009,Portugal,18.24,14.3906,3.8494,21.1043,74.9566,25.9366,49.02,65.3979,24.405,51.0,-26.595,26458.1,10568247,-0.8219,21.0
PT,2010,Portugal,18.15,14.3906,3.7594,20.7131,69.519,25.9366,43.5824,62.6914,24.15,51.0,-26.85,27295.1,10573100,-0.6995,19.0
PT,2011,Portugal,17.36,14.3906,2.9694,17.105,67.7323,25.9366,41.7957,61.7072,24.603,51.0,-26.397,26760.2,10565836,-0.5139,21.0
PT,2012,Portugal,16.03,14.3906,1.6394,10.2273,66.2532,25.9366,40.3166,60.8523,24.574,51.0,-26.426,26434.6,10531420,-0.2611,17.0
PT,2013,Portugal,15.84,14.3906,1.4494,9.1504,64.6378,25.9366,38.7012,59.874,25.699,51.0,-25.301,27921.5,10473991,-0.1563,18.0
PT,2014,Portugal,15.76,14.3906,1.3694,8.6893,64.4135,25.9366,38.477,59.7343,29.508,51.0,-21.492,28713.3,10444092,-0.0074,18.0
PT,2015,Portugal,16.0,14.3906,1.6094,10.0589,68.8611,25.9366,42.9245,62.3349,30.514,51.0,-20.486,29548.2,10395121,-0.1079,17.0
PT,2016,Portugal,16.19,14.3906,1.7994,11.1145,67.7448,25.9366,41.8082,61.7143,30.864,51.0,-20.136,31494.5,10368554,-0.1038,17.0
PT,2017,Portugal,16.56,14.3906,2.1694,13.1004,72.8197,25.9366,46.8831,64.3825,30.611,51.0,-20.389,32843.9,10344478,-0.2826,19.0
PT,2018,Portugal,16.87,14.3906,2.4794,14.6973,68.8776,25.9366,42.941,62.3439,30.203,51.0,-20.797,34725.2,10335770,-0.2642,20.0
PT,2019,Portugal,17.13,14.3906,2.7394,15.992,64.5604,25.9366,38.6238,59.8258,30.623,51.0,-20.377,37616.2,10333496,-0.2011,20.0
PT,2020,Portugal,14.96,14.3906,0.5694,3.8064,58.6825,25.9366,32.7459,55.8018,33.982,51.0,-17.018,35662.7,10375395,0.4022,17.0
PT,2021,Portugal,15.68,14.3906,1.2894,8.2234,56.9598,25.9366,31.0232,54.4651,33.982,51.0,-17.018,38487.2,10394297,0.3187,14.0
PT,2022,Portugal,16.71,14.3906,2.3194,13.8805,57.3189,25.9366,31.3823,54.7504,34.675,51.0,-16.325,44410.3,10421117,0.1627,20.0
PT,2023,Portugal,17.2,14.3906,2.8094,16.3339,54.9777,25.9366,29.0411,52.8234,35.163,51.0,-15.837,47856.5,10516621,0.1476,25.0
PT,2024,Portugal,17.41,14.3906,3.0194,17.3431,53.1696,25.9366,27.233,51.2191,36.319,51.0,-14.681,51465.6,10639726,0.1908,25.0
RO,2005,Romania,23.71,22.5008,1.2092,5.1,138.3283,108.4565,29.8718,21.5949,17.571,38.3,-20.729,9602.1,21319685,0.5513,2.0
RO,2006,Romania,23.94,22.5008,1.4392,6.0117,144.7726,108.4565,36.3161,25.0849,17.096,38.3,-21.204,11556.6,21193760,0.4721,1.0
RO,2007,Romania,23.29,22.5008,0.7892,3.3886,142.5096,108.4565,34.0531,23.8953,18.195,38.3,-20.105,13703.2,20882982,0.6033,1.0
RO,2008,Romania,24.08,22.5008,1.5792,6.5582,140.0451,108.4565,31.5885,22.5559,20.204,38.3,-18.096,16782.1,20537875,0.6233,1.0
RO,2009,Romania,21.92,22.5008,-0.5808,-2.6496,118.2457,108.4565,9.7892,8.2787,22.157,38.3,-16.143,16632.2,20367487,1.0546,1.0
RO,2010,Romania,22.2,22.5008,-0.3008,-1.3549,116.5131,108.4565,8.0566,6.9148,22.834,38.3,-15.466,17356.7,20246871,1.0645,1.0
RO,2011,Romania,22.74,22.5008,0.2392,1.0519,122.4102,108.4565,13.9537,11.3991,21.743,38.3,-16.557,18803.8,20147528,0.9269,1.0
RO,2012,Romania,22.76,22.5008,0.2592,1.1389,119.3905,108.4565,10.934,9.1582,22.825,38.3,-15.475,19805.3,20058035,0.9896,1.0
RO,2013,Romania,21.8,22.5008,-0.7008,-3.2146,111.2215,108.4565,2.7649,2.4859,23.886,38.3,-14.414,19673.2,19983693,1.1824,1.0
RO,2014,Romania,21.68,22.5008,-0.8208,-3.7859,111.3112,108.4565,2.8547,2.5646,24.845,38.3,-13.455,20625.3,19947311,1.2385,1.0
RO,2015,Romania,21.84,22.5008,-0.6608,-3.0256,112.2452,108.4565,3.7886,3.3753,24.785,38.3,-13.515,21623.1,19870647,1.2139,1.0
RO,2016,Romania,22.23,22.5008,-0.2708,-1.2181,111.5446,108.4565,3.088,2.7684,25.032,38.3,-13.268,23899.6,19760585,1.1871,1.0
RO,2017,Romania,23.32,22.5008,0.8192,3.5129,115.2104,108.4565,6.7538,5.8621,24.454,38.3,-13.846,26937.2,19643949,1.0256,1.0
RO,2018,Romania,23.58,22.5008,1.0792,4.5768,116.06,108.4565,7.6035,6.5514,23.875,38.3,-14.425,29367.3,19533481,0.967,2.0
RO,2019,Romania,23.87,22.5008,1.3692,5.7361,113.9659,108.4565,5.5094,4.8343,24.29,38.3,-14.01,33385.8,19414458,0.9656,2.0
RO,2020,Romania,23.52,22.5008,1.0192,4.3334,108.1538,108.4565,-0.3027,-0.2799,24.478,38.3,-13.822,34138.9,19328838,1.0413,3.0
RO,2021,Romania,25.36,22.5008,2.8592,11.2745,113.4783,108.4565,5.0218,4.4253,23.871,38.3,-14.429,37495.9,19201662,0.7898,6.0
RO,2022,Romania,24.01,22.5008,1.5092,6.2858,107.3061,108.4565,-1.1505,-1.0722,24.229,38.3,-14.071,42056.5,19042455,0.9819,4.0
RO,2023,Romania,23.3,22.5008,0.7992,3.4301,101.2864,108.4565,-7.1702,-7.0791,25.757,38.3,-12.543,45362.2,19054548,1.1583,4.0
RO,2024,Romania,23.35,22.5008,0.8492,3.6369,101.8576,108.4565,-6.599,-6.4787,25.378,38.3,-12.922,48720.5,19067576,1.1327,3.0
SE,2005,Sweden,32.36,30.0948,2.2652,7.0,71.9241,33.8633,38.0608,52.918,39.982,67.0,-27.018,34208.9,9029572,0.2713,4.0
SE,2006,Sweden,32.39,30.0948,2.2952,7.0861,72.1766,33.8633,38.3133,53.0827,41.734,67.0,-25.266,37668.2,9080505,0.3105,3.0
SE,2007,Sweden,32.47,30.0948,2.3752,7.3151,69.7622,33.8633,35.8989,51.459,43.224,67.0,-23.776,40823.4,9148092,0.3826,2.0
SE,2008,Sweden,31.91,30.0948,1.8152,5.6885,68.0879,33.8633,34.2245,50.2652,43.922,67.0,-23.078,41913.5,9219637,0.4729,2.0
SE,2009,Sweden,30.99,30.0948,0.8952,2.8887,63.0904,33.8633,29.227,46.3256,47.024,67.0,-19.976,40081.6,9298515,0.7091,2.0
SE,2010,Sweden,33.09,30.0948,2.9952,9.0517,69.1866,33.8633,35.3232,51.055,46.099,67.0,-20.901,41961.0,9378126,0.4176,5.0
SE,2011,Sweden,31.7,30.0948,1.6052,5.0637,64.633,33.8633,30.7697,47.6068,47.632,67.0,-19.368,44334.2,9449213,0.6431,3.0
SE,2012,Sweden,31.86,30.0948,1.7652,5.5405,61.748,33.8633,27.8846,45.1587,49.403,67.0,-17.597,45216.9,9519374,0.7237,3.0
SE,2013,Sweden,31.27,30.0948,1.1752,3.7582,59.711,33.8633,25.8477,43.288,50.153,67.0,-16.847,46104.9,9600379,0.8238,5.0
SE,2014,Sweden,30.48,30.0948,0.3852,1.2638,58.3613,33.8633,24.498,41.9764,51.151,67.0,-15.849,46836.8,9644864,0.935,2.0
SE,2015,Sweden,31.07,30.0948,0.9752,3.1387,58.3909,33.8633,24.5275,42.0057,52.22,67.0,-14.78,48775.8,9747355,0.9153,2.0
SE,2016,Sweden,31.5,30.0948,1.4052,4.461,58.0175,33.8633,24.1541,41.6325,52.597,67.0,-14.403,50215.0,9851017,0.8969,2.0
SE,2017,Sweden,31.37,30.0948,1.2752,4.065,57.3362,33.8633,23.4729,40.9391,53.39,67.0,-13.61,51386.6,9995153,0.9392,2.0
SE,2018,Sweden,31.23,30.0948,1.1352,3.635,54.8468,33.8633,20.9835,38.2584,53.916,67.0,-13.084,52962.2,10120242,1.0048,1.0
SE,2019,Sweden,30.74,30.0948,0.6452,2.0989,54.9209,33.8633,21.0576,38.3417,55.785,67.0,-11.215,56881.1,10230185,1.0916,1.0
SE,2020,Sweden,29.81,30.0948,-0.2848,-0.9554,53.7054,33.8633,19.842,36.946,60.124,67.0,-6.876,57396.3,10327589,1.2991,1.0
SE,2021,Sweden,30.94,30.0948,0.8452,2.7317,55.8177,33.8633,21.9544,39.3323,62.527,67.0,-4.473,62190.9,10379295,1.2371,1.0
SE,2022,Sweden,30.1,30.0948,0.0052,0.0173,52.8307,33.8633,18.9674,35.9022,66.287,67.0,-0.713,65571.8,10452326,1.4513,1.0
SE,2023,Sweden,30.17,30.0948,0.0752,0.2493,51.4013,33.8633,17.538,34.1198,66.393,67.0,-0.607,66118.3,10521556,1.4718,1.0
SE,2024,Sweden,30.89,30.0948,0.7952,2.5743,52.5658,33.8633,18.7025,35.5792,62.846,67.0,-4.154,70008.8,10551707,1.3026,2.0
SI,2005,Slovenia,5.13,4.2989,0.8311,16.2,23.5076,9.4833,14.0243,59.6585,19.809,33.0,-13.191,23678.4,2000474,-0.2028,11.0
SI,2006,Slovenia,5.12,4.2989,0.8211,16.0363,23.5878,9.4833,14.1045,59.7957,18.416,33.0,-14.584,25564.0,2006868,-0.2758,12.0
SI,2007,Slovenia,5.14,4.2989,0.8411,16.363,23.5153,9.4833,14.0319,59.6714,19.675,33.0,-13.325,27458.9,2010323,-0.216,12.0
SI,2008,Slovenia,5.5,4.2989,1.2011,21.8375,24.1343,9.4833,14.6509,60.7058,18.646,33.0,-14.354,29451.4,2021316,-0.508,16.0
SI,2009,Slovenia,4.86,4.2989,0.5611,11.5444,21.8701,9.4833,12.3867,56.6376,20.765,33.0,-12.235,27187.9,2039669,0.0945,11.0
SI,2010,Slovenia,5.07,4.2989,0.7711,15.2083,22.0039,9.4833,12.5206,56.9017,21.081,33.0,-11.919,27579.3,2048583,-0.014,10.0
SI,2011,Slovenia,5.05,4.2989,0.7511,14.8725,21.0234,9.4833,11.5401,54.8916,20.937,33.0,-12.063,28715.7,2052843,0.0468,11.0
SI,2012,Slovenia,4.91,4.2989,0.6111,12.4452,20.3663,9.4833,10.8829,53.4358,21.551,33.0,-11.449,28792.2,2057159,0.196,10.0
SI,2013,Slovenia,4.81,4.2989,0.5111,10.6249,20.324,9.4833,10.8406,53.339,23.16,33.0,-9.84,29639.9,2059953,0.3397,8.0
SI,2014,Slovenia,4.61,4.2989,0.3111,6.7475,18.6784,9.4833,9.1951,49.2284,22.459,33.0,-10.541,30574.6,2061085,0.5105,9.0
SI,2015,Slovenia,4.72,4.2989,0.4211,8.9208,18.888,9.4833,9.4047,49.7919,22.879,33.0,-10.121,31348.1,2062874,0.459,12.0
SI,2016,Slovenia,4.89,4.2989,0.5911,12.0871,19.792,9.4833,10.3086,52.0847,21.975,33.0,-11.025,33581.9,2064188,0.2632,12.0
SI,2017,Slovenia,4.96,4.2989,0.6611,13.3278,20.0988,9.4833,10.6154,52.8162,21.658,33.0,-11.342,36190.0,2065895,0.1893,12.0
SI,2018,Slovenia,4.97,4.2989,0.6711,13.5022,20.0332,9.4833,10.5499,52.662,21.378,33.0,-11.622,38656.2,2066880,0.1727,10.0
SI,2019,Slovenia,4.87,4.2989,0.5711,11.7261,19.3546,9.4833,9.8713,51.0023,21.968,33.0,-11.032,42360.6,2080908,0.2995,11.0
SI,2020,Slovenia,4.41,4.2989,0.1111,2.5184,18.0238,9.4833,8.5404,47.3841,25.0,33.0,-8.0,41759.7,2095861,0.7953,10.0
SI,2021,Slovenia,4.73,4.2989,0.4311,9.1133,18.1905,9.4833,8.7071,47.8662,25.0,33.0,-8.0,45930.3,2108977,0.6066,8.0
SI,2022,Slovenia,4.73,4.2989,0.4311,9.1133,17.4982,9.4833,8.0149,45.8041,25.002,33.0,-7.998,51119.8,2107180,0.6472,10.0
SI,2023,Slovenia,4.48,4.2989,0.1811,4.0415,16.6771,9.4833,7.1938,43.1357,25.066,33.0,-7.934,54033.5,2116972,0.8383,10.0
SI,2024,Slovenia,4.59,4.2989,0.2911,6.3412,17.3369,9.4833,7.8535,45.2993,25.001,33.0,-7.999,56895.8,2123949,0.7348,12.0
SK,2005,Slovakia,10.44,8.6026,1.8374,17.6,51.0954,33.2301,17.8653,34.9646,6.36,25.0,-18.64,16526.3,5372807,-0.3359,13.0
SK,2006,Slovakia,10.15,8.6026,1.5474,15.2457,51.3174,33.2301,18.0872,35.2458,6.584,25.0,-18.416,18847.1,5373054,-0.2429,11.0
SK,2007,Slovakia,10.23,8.6026,1.6274,15.9085,50.2455,33.2301,17.0153,33.8644,7.766,25.0,-17.234,21146.7,5374622,-0.1646,11.0
SK,2008,Slovakia,10.59,8.6026,1.9874,18.7671,50.1037,33.2301,16.8736,33.6773,7.723,25.0,-17.277,23597.3,5379233,-0.2659,11.0
SK,2009,Slovakia,9.7,8.6026,1.0974,11.3138,45.7646,33.2301,12.5345,27.3891,9.368,25.0,-15.632,22931.9,5386406,0.1703,10.0
SK,2010,Slovakia,11.13,8.6026,2.5274,22.7084,49.1014,33.2301,15.8712,32.3233,9.099,25.0,-15.901,25204.3,5391428,-0.3038,14.0
SK,2011,Slovakia,10.45,8.6026,1.8474,17.6789,47.48,33.2301,14.2498,30.0122,10.348,25.0,-14.652,26203.0,5398384,0.0008,12.0
SK,2012,Slovakia,9.99,8.6026,1.3874,13.8883,45.3814,33.2301,12.1513,26.7759,10.453,25.0,-14.547,27029.5,5407579,0.1716,11.0
SK,2013,Slovakia,10.15,8.6026,1.5474,15.2457,45.8419,33.2301,12.6117,27.5113,10.133,25.0,-14.867,28077.5,5413393,0.0968,14.0
SK,2014,Slovakia,9.15,8.6026,0.5474,5.983,43.0451,33.2301,9.8149,22.8014,11.713,25.0,-13.287,29108.6,5415949,0.5335,8.0
SK,2015,Slovakia,9.57,8.6026,0.9674,10.1091,43.9296,33.2301,10.6995,24.356,12.882,25.0,-12.118,30164.1,5421349,0.4833,10.0
SK,2016,Slovakia,9.93,8.6026,1.3274,13.368,44.8014,33.2301,11.5712,25.8278,12.029,25.0,-12.971,29868.0,5426252,0.3084,11.0
SK,2017,Slovakia,10.58,8.6026,1.9774,18.6904,47.0651,33.2301,13.8349,29.3953,11.465,25.0,-13.535,30250.5,5435343,0.0496,15.0
SK,2018,Slovakia,10.45,8.6026,1.8474,17.6789,46.6697,33.2301,13.4396,28.7972,11.896,25.0,-13.104,31514.2,5443120,0.1226,13.0
SK,2019,Slovakia,10.25,8.6026,1.6474,16.0726,44.0185,33.2301,10.7883,24.5086,16.894,25.0,-8.106,33991.3,5450421,0.5727,8.0
SK,2020,Slovakia,9.59,8.6026,0.9874,10.2966,41.9962,33.2301,8.7661,20.8736,17.345,25.0,-7.655,35317.1,5457873,0.8224,8.0
SK,2021,Slovakia,10.46,8.6026,1.8574,17.7576,46.3719,33.2301,13.1417,28.3398,17.419,25.0,-7.581,38376.7,5459781,0.5116,10.0
SK,2022,Slovakia,9.86,8.6026,1.2574,12.7529,42.5243,33.2301,9.2941,21.856,17.481,25.0,-7.519,40872.4,5434712,0.7477,8.0
SK,2023,Slovakia,9.1,8.6026,0.4974,5.4664,40.3077,33.2301,7.0776,17.5589,16.99,25.0,-8.01,43598.3,5428792,0.9626,7.0
SK,2024,Slovakia,8.96,8.6026,0.3574,3.9893,39.0008,33.2301,5.7706,14.7961,18.092,25.0,-6.908,46584.6,5424687,1.1007,5.0
